ISO-10303-21;
HEADER;
FILE_DESCRIPTION(('KiCad electronic assembly'),'2;1');
FILE_NAME('rezystory.step','2026-04-30T23:30:26',('Pcbnew'),('Kicad'),
  'Open CASCADE STEP processor 7.9','KiCad to STEP converter','Unknown'
  );
FILE_SCHEMA(('AUTOMOTIVE_DESIGN { 1 0 10303 214 1 1 1 1 }'));
ENDSEC;
DATA;
#1 = APPLICATION_PROTOCOL_DEFINITION('international standard',
  'automotive_design',2000,#2);
#2 = APPLICATION_CONTEXT(
  'core data for automotive mechanical design processes');
#3 = SHAPE_DEFINITION_REPRESENTATION(#4,#10);
#4 = PRODUCT_DEFINITION_SHAPE('','',#5);
#5 = PRODUCT_DEFINITION('design','',#6,#9);
#6 = PRODUCT_DEFINITION_FORMATION('','',#7);
#7 = PRODUCT('rezystory 1','rezystory 1','',(#8));
#8 = PRODUCT_CONTEXT('',#2,'mechanical');
#9 = PRODUCT_DEFINITION_CONTEXT('part definition',#2,'design');
#10 = SHAPE_REPRESENTATION('',(#11,#15,#19,#23,#27,#31,#35,#39,#43,#47),
  #51);
#11 = AXIS2_PLACEMENT_3D('',#12,#13,#14);
#12 = CARTESIAN_POINT('',(0.,0.,0.));
#13 = DIRECTION('',(0.,0.,1.));
#14 = DIRECTION('',(1.,0.,-0.));
#15 = AXIS2_PLACEMENT_3D('',#16,#17,#18);
#16 = CARTESIAN_POINT('',(92.155,-59.125,1.595));
#17 = DIRECTION('',(0.,0.,1.));
#18 = DIRECTION('',(1.,0.,0.));
#19 = AXIS2_PLACEMENT_3D('',#20,#21,#22);
#20 = CARTESIAN_POINT('',(92.04,-87.1,1.595));
#21 = DIRECTION('',(0.,0.,1.));
#22 = DIRECTION('',(1.,0.,0.));
#23 = AXIS2_PLACEMENT_3D('',#24,#25,#26);
#24 = CARTESIAN_POINT('',(92.155,-73.175,1.595));
#25 = DIRECTION('',(0.,0.,1.));
#26 = DIRECTION('',(1.,0.,0.));
#27 = AXIS2_PLACEMENT_3D('',#28,#29,#30);
#28 = CARTESIAN_POINT('',(156.5,-43.5,1.595));
#29 = DIRECTION('',(0.,0.,1.));
#30 = DIRECTION('',(1.,0.,0.));
#31 = AXIS2_PLACEMENT_3D('',#32,#33,#34);
#32 = CARTESIAN_POINT('',(88.6,-66.4,1.595));
#33 = DIRECTION('',(0.,0.,1.));
#34 = DIRECTION('',(1.,0.,0.));
#35 = AXIS2_PLACEMENT_3D('',#36,#37,#38);
#36 = CARTESIAN_POINT('',(156.5,-51.7,1.595));
#37 = DIRECTION('',(0.,-0.,1.));
#38 = DIRECTION('',(1.110223024625E-16,1.,0.));
#39 = AXIS2_PLACEMENT_3D('',#40,#41,#42);
#40 = CARTESIAN_POINT('',(92.1,-44.9,1.595));
#41 = DIRECTION('',(0.,0.,1.));
#42 = DIRECTION('',(1.,0.,0.));
#43 = AXIS2_PLACEMENT_3D('',#44,#45,#46);
#44 = CARTESIAN_POINT('',(156.5,-61.,1.595));
#45 = DIRECTION('',(0.,-0.,1.));
#46 = DIRECTION('',(1.110223024625E-16,1.,0.));
#47 = AXIS2_PLACEMENT_3D('',#48,#49,#50);
#48 = CARTESIAN_POINT('',(0.,0.,0.));
#49 = DIRECTION('',(0.,0.,1.));
#50 = DIRECTION('',(1.,0.,-0.));
#51 = ( GEOMETRIC_REPRESENTATION_CONTEXT(3) 
GLOBAL_UNCERTAINTY_ASSIGNED_CONTEXT((#55)) GLOBAL_UNIT_ASSIGNED_CONTEXT(
(#52,#53,#54)) REPRESENTATION_CONTEXT('Context #1',
  '3D Context with UNIT and UNCERTAINTY') );
#52 = ( LENGTH_UNIT() NAMED_UNIT(*) SI_UNIT(.MILLI.,.METRE.) );
#53 = ( NAMED_UNIT(*) PLANE_ANGLE_UNIT() SI_UNIT($,.RADIAN.) );
#54 = ( NAMED_UNIT(*) SI_UNIT($,.STERADIAN.) SOLID_ANGLE_UNIT() );
#55 = UNCERTAINTY_MEASURE_WITH_UNIT(LENGTH_MEASURE(1.E-07),#52,
  'distance_accuracy_value','confusion accuracy');
#56 = PRODUCT_RELATED_PRODUCT_CATEGORY('part',$,(#7));
#57 = SHAPE_DEFINITION_REPRESENTATION(#58,#64);
#58 = PRODUCT_DEFINITION_SHAPE('','',#59);
#59 = PRODUCT_DEFINITION('design','',#60,#63);
#60 = PRODUCT_DEFINITION_FORMATION('','',#61);
#61 = PRODUCT('R_Axial_Power_L48.0mm_W12.5mm_P55.88mm',
  'R_Axial_Power_L48.0mm_W12.5mm_P55.88mm','',(#62));
#62 = PRODUCT_CONTEXT('',#2,'mechanical');
#63 = PRODUCT_DEFINITION_CONTEXT('part definition',#2,'design');
#64 = ADVANCED_BREP_SHAPE_REPRESENTATION('',(#11,#65),#407);
#65 = MANIFOLD_SOLID_BREP('',#66);
#66 = CLOSED_SHELL('',(#67,#107,#138,#169,#197,#225,#237,#262,#287,#313,
    #339,#364,#389,#398));
#67 = ADVANCED_FACE('',(#68),#102,.F.);
#68 = FACE_BOUND('',#69,.F.);
#69 = EDGE_LOOP('',(#70,#80,#88,#96));
#70 = ORIENTED_EDGE('',*,*,#71,.T.);
#71 = EDGE_CURVE('',#72,#74,#76,.T.);
#72 = VERTEX_POINT('',#73);
#73 = CARTESIAN_POINT('',(3.94,-6.25,0.));
#74 = VERTEX_POINT('',#75);
#75 = CARTESIAN_POINT('',(51.94,-6.25,0.));
#76 = LINE('',#77,#78);
#77 = CARTESIAN_POINT('',(3.94,-6.25,0.));
#78 = VECTOR('',#79,1.);
#79 = DIRECTION('',(1.,0.,0.));
#80 = ORIENTED_EDGE('',*,*,#81,.T.);
#81 = EDGE_CURVE('',#74,#82,#84,.T.);
#82 = VERTEX_POINT('',#83);
#83 = CARTESIAN_POINT('',(51.94,6.25,0.));
#84 = LINE('',#85,#86);
#85 = CARTESIAN_POINT('',(51.94,-6.25,0.));
#86 = VECTOR('',#87,1.);
#87 = DIRECTION('',(0.,1.,0.));
#88 = ORIENTED_EDGE('',*,*,#89,.F.);
#89 = EDGE_CURVE('',#90,#82,#92,.T.);
#90 = VERTEX_POINT('',#91);
#91 = CARTESIAN_POINT('',(3.94,6.25,0.));
#92 = LINE('',#93,#94);
#93 = CARTESIAN_POINT('',(3.94,6.25,0.));
#94 = VECTOR('',#95,1.);
#95 = DIRECTION('',(1.,0.,0.));
#96 = ORIENTED_EDGE('',*,*,#97,.F.);
#97 = EDGE_CURVE('',#72,#90,#98,.T.);
#98 = LINE('',#99,#100);
#99 = CARTESIAN_POINT('',(3.94,-6.25,0.));
#100 = VECTOR('',#101,1.);
#101 = DIRECTION('',(0.,1.,0.));
#102 = PLANE('',#103);
#103 = AXIS2_PLACEMENT_3D('',#104,#105,#106);
#104 = CARTESIAN_POINT('',(3.94,-6.25,0.));
#105 = DIRECTION('',(0.,0.,1.));
#106 = DIRECTION('',(0.,1.,0.));
#107 = ADVANCED_FACE('',(#108),#133,.F.);
#108 = FACE_BOUND('',#109,.F.);
#109 = EDGE_LOOP('',(#110,#120,#126,#127));
#110 = ORIENTED_EDGE('',*,*,#111,.T.);
#111 = EDGE_CURVE('',#112,#114,#116,.T.);
#112 = VERTEX_POINT('',#113);
#113 = CARTESIAN_POINT('',(3.94,-6.25,12.5));
#114 = VERTEX_POINT('',#115);
#115 = CARTESIAN_POINT('',(51.94,-6.25,12.5));
#116 = LINE('',#117,#118);
#117 = CARTESIAN_POINT('',(3.94,-6.25,12.5));
#118 = VECTOR('',#119,1.);
#119 = DIRECTION('',(1.,0.,0.));
#120 = ORIENTED_EDGE('',*,*,#121,.T.);
#121 = EDGE_CURVE('',#114,#74,#122,.T.);
#122 = LINE('',#123,#124);
#123 = CARTESIAN_POINT('',(51.94,-6.25,12.5));
#124 = VECTOR('',#125,1.);
#125 = DIRECTION('',(0.,0.,-1.));
#126 = ORIENTED_EDGE('',*,*,#71,.F.);
#127 = ORIENTED_EDGE('',*,*,#128,.F.);
#128 = EDGE_CURVE('',#112,#72,#129,.T.);
#129 = LINE('',#130,#131);
#130 = CARTESIAN_POINT('',(3.94,-6.25,12.5));
#131 = VECTOR('',#132,1.);
#132 = DIRECTION('',(0.,0.,-1.));
#133 = PLANE('',#134);
#134 = AXIS2_PLACEMENT_3D('',#135,#136,#137);
#135 = CARTESIAN_POINT('',(3.94,-6.25,12.5));
#136 = DIRECTION('',(0.,1.,0.));
#137 = DIRECTION('',(0.,0.,-1.));
#138 = ADVANCED_FACE('',(#139),#164,.F.);
#139 = FACE_BOUND('',#140,.F.);
#140 = EDGE_LOOP('',(#141,#142,#150,#158));
#141 = ORIENTED_EDGE('',*,*,#89,.T.);
#142 = ORIENTED_EDGE('',*,*,#143,.T.);
#143 = EDGE_CURVE('',#82,#144,#146,.T.);
#144 = VERTEX_POINT('',#145);
#145 = CARTESIAN_POINT('',(51.94,6.25,12.5));
#146 = LINE('',#147,#148);
#147 = CARTESIAN_POINT('',(51.94,6.25,0.));
#148 = VECTOR('',#149,1.);
#149 = DIRECTION('',(0.,0.,1.));
#150 = ORIENTED_EDGE('',*,*,#151,.F.);
#151 = EDGE_CURVE('',#152,#144,#154,.T.);
#152 = VERTEX_POINT('',#153);
#153 = CARTESIAN_POINT('',(3.94,6.25,12.5));
#154 = LINE('',#155,#156);
#155 = CARTESIAN_POINT('',(3.94,6.25,12.5));
#156 = VECTOR('',#157,1.);
#157 = DIRECTION('',(1.,0.,0.));
#158 = ORIENTED_EDGE('',*,*,#159,.F.);
#159 = EDGE_CURVE('',#90,#152,#160,.T.);
#160 = LINE('',#161,#162);
#161 = CARTESIAN_POINT('',(3.94,6.25,0.));
#162 = VECTOR('',#163,1.);
#163 = DIRECTION('',(0.,0.,1.));
#164 = PLANE('',#165);
#165 = AXIS2_PLACEMENT_3D('',#166,#167,#168);
#166 = CARTESIAN_POINT('',(3.94,6.25,0.));
#167 = DIRECTION('',(0.,-1.,0.));
#168 = DIRECTION('',(0.,0.,1.));
#169 = ADVANCED_FACE('',(#170,#181),#192,.T.);
#170 = FACE_BOUND('',#171,.T.);
#171 = EDGE_LOOP('',(#172,#173,#174,#180));
#172 = ORIENTED_EDGE('',*,*,#97,.F.);
#173 = ORIENTED_EDGE('',*,*,#128,.F.);
#174 = ORIENTED_EDGE('',*,*,#175,.F.);
#175 = EDGE_CURVE('',#152,#112,#176,.T.);
#176 = LINE('',#177,#178);
#177 = CARTESIAN_POINT('',(3.94,6.25,12.5));
#178 = VECTOR('',#179,1.);
#179 = DIRECTION('',(0.,-1.,0.));
#180 = ORIENTED_EDGE('',*,*,#159,.F.);
#181 = FACE_BOUND('',#182,.T.);
#182 = EDGE_LOOP('',(#183));
#183 = ORIENTED_EDGE('',*,*,#184,.T.);
#184 = EDGE_CURVE('',#185,#185,#187,.T.);
#185 = VERTEX_POINT('',#186);
#186 = CARTESIAN_POINT('',(3.94,0.,5.85));
#187 = CIRCLE('',#188,0.4);
#188 = AXIS2_PLACEMENT_3D('',#189,#190,#191);
#189 = CARTESIAN_POINT('',(3.94,0.,6.25));
#190 = DIRECTION('',(1.,-0.,0.));
#191 = DIRECTION('',(0.,0.,-1.));
#192 = PLANE('',#193);
#193 = AXIS2_PLACEMENT_3D('',#194,#195,#196);
#194 = CARTESIAN_POINT('',(3.94,-6.25,0.));
#195 = DIRECTION('',(-1.,0.,0.));
#196 = DIRECTION('',(0.,0.,-1.));
#197 = ADVANCED_FACE('',(#198,#209),#220,.F.);
#198 = FACE_BOUND('',#199,.F.);
#199 = EDGE_LOOP('',(#200,#201,#202,#208));
#200 = ORIENTED_EDGE('',*,*,#81,.F.);
#201 = ORIENTED_EDGE('',*,*,#121,.F.);
#202 = ORIENTED_EDGE('',*,*,#203,.F.);
#203 = EDGE_CURVE('',#144,#114,#204,.T.);
#204 = LINE('',#205,#206);
#205 = CARTESIAN_POINT('',(51.94,6.25,12.5));
#206 = VECTOR('',#207,1.);
#207 = DIRECTION('',(0.,-1.,0.));
#208 = ORIENTED_EDGE('',*,*,#143,.F.);
#209 = FACE_BOUND('',#210,.F.);
#210 = EDGE_LOOP('',(#211));
#211 = ORIENTED_EDGE('',*,*,#212,.T.);
#212 = EDGE_CURVE('',#213,#213,#215,.T.);
#213 = VERTEX_POINT('',#214);
#214 = CARTESIAN_POINT('',(51.94,0.,5.85));
#215 = CIRCLE('',#216,0.4);
#216 = AXIS2_PLACEMENT_3D('',#217,#218,#219);
#217 = CARTESIAN_POINT('',(51.94,0.,6.25));
#218 = DIRECTION('',(1.,-0.,0.));
#219 = DIRECTION('',(0.,0.,-1.));
#220 = PLANE('',#221);
#221 = AXIS2_PLACEMENT_3D('',#222,#223,#224);
#222 = CARTESIAN_POINT('',(51.94,-6.25,0.));
#223 = DIRECTION('',(-1.,0.,0.));
#224 = DIRECTION('',(0.,0.,-1.));
#225 = ADVANCED_FACE('',(#226),#232,.F.);
#226 = FACE_BOUND('',#227,.F.);
#227 = EDGE_LOOP('',(#228,#229,#230,#231));
#228 = ORIENTED_EDGE('',*,*,#151,.T.);
#229 = ORIENTED_EDGE('',*,*,#203,.T.);
#230 = ORIENTED_EDGE('',*,*,#111,.F.);
#231 = ORIENTED_EDGE('',*,*,#175,.F.);
#232 = PLANE('',#233);
#233 = AXIS2_PLACEMENT_3D('',#234,#235,#236);
#234 = CARTESIAN_POINT('',(3.94,6.25,12.5));
#235 = DIRECTION('',(0.,0.,-1.));
#236 = DIRECTION('',(0.,-1.,0.));
#237 = ADVANCED_FACE('',(#238),#257,.T.);
#238 = FACE_BOUND('',#239,.T.);
#239 = EDGE_LOOP('',(#240,#249,#255,#256));
#240 = ORIENTED_EDGE('',*,*,#241,.F.);
#241 = EDGE_CURVE('',#242,#242,#244,.T.);
#242 = VERTEX_POINT('',#243);
#243 = CARTESIAN_POINT('',(1.2,0.,5.85));
#244 = CIRCLE('',#245,0.4);
#245 = AXIS2_PLACEMENT_3D('',#246,#247,#248);
#246 = CARTESIAN_POINT('',(1.2,0.,6.25));
#247 = DIRECTION('',(-1.,0.,-1.763574311049E-15));
#248 = DIRECTION('',(-1.763574311049E-15,0.,1.));
#249 = ORIENTED_EDGE('',*,*,#250,.T.);
#250 = EDGE_CURVE('',#242,#185,#251,.T.);
#251 = LINE('',#252,#253);
#252 = CARTESIAN_POINT('',(1.2,0.,5.85));
#253 = VECTOR('',#254,1.);
#254 = DIRECTION('',(1.,0.,0.));
#255 = ORIENTED_EDGE('',*,*,#184,.F.);
#256 = ORIENTED_EDGE('',*,*,#250,.F.);
#257 = CYLINDRICAL_SURFACE('',#258,0.4);
#258 = AXIS2_PLACEMENT_3D('',#259,#260,#261);
#259 = CARTESIAN_POINT('',(1.2,0.,6.25));
#260 = DIRECTION('',(1.,0.,0.));
#261 = DIRECTION('',(0.,0.,-1.));
#262 = ADVANCED_FACE('',(#263),#282,.T.);
#263 = FACE_BOUND('',#264,.T.);
#264 = EDGE_LOOP('',(#265,#266,#274,#281));
#265 = ORIENTED_EDGE('',*,*,#212,.T.);
#266 = ORIENTED_EDGE('',*,*,#267,.T.);
#267 = EDGE_CURVE('',#213,#268,#270,.T.);
#268 = VERTEX_POINT('',#269);
#269 = CARTESIAN_POINT('',(54.68,0.,5.85));
#270 = LINE('',#271,#272);
#271 = CARTESIAN_POINT('',(1.2,0.,5.85));
#272 = VECTOR('',#273,1.);
#273 = DIRECTION('',(1.,0.,0.));
#274 = ORIENTED_EDGE('',*,*,#275,.F.);
#275 = EDGE_CURVE('',#268,#268,#276,.T.);
#276 = CIRCLE('',#277,0.4);
#277 = AXIS2_PLACEMENT_3D('',#278,#279,#280);
#278 = CARTESIAN_POINT('',(54.68,0.,6.25));
#279 = DIRECTION('',(1.,-0.,0.));
#280 = DIRECTION('',(0.,0.,-1.));
#281 = ORIENTED_EDGE('',*,*,#267,.F.);
#282 = CYLINDRICAL_SURFACE('',#283,0.4);
#283 = AXIS2_PLACEMENT_3D('',#284,#285,#286);
#284 = CARTESIAN_POINT('',(1.2,0.,6.25));
#285 = DIRECTION('',(1.,0.,0.));
#286 = DIRECTION('',(0.,0.,-1.));
#287 = ADVANCED_FACE('',(#288),#308,.T.);
#288 = FACE_BOUND('',#289,.T.);
#289 = EDGE_LOOP('',(#290,#299,#300,#301));
#290 = ORIENTED_EDGE('',*,*,#291,.T.);
#291 = EDGE_CURVE('',#292,#242,#294,.T.);
#292 = VERTEX_POINT('',#293);
#293 = CARTESIAN_POINT('',(0.4,0.,5.05));
#294 = CIRCLE('',#295,0.8);
#295 = AXIS2_PLACEMENT_3D('',#296,#297,#298);
#296 = CARTESIAN_POINT('',(1.2,1.469576158977E-16,5.05));
#297 = DIRECTION('',(0.,1.,-0.));
#298 = DIRECTION('',(-1.,0.,2.960594732334E-15));
#299 = ORIENTED_EDGE('',*,*,#241,.T.);
#300 = ORIENTED_EDGE('',*,*,#291,.F.);
#301 = ORIENTED_EDGE('',*,*,#302,.T.);
#302 = EDGE_CURVE('',#292,#292,#303,.T.);
#303 = CIRCLE('',#304,0.4);
#304 = AXIS2_PLACEMENT_3D('',#305,#306,#307);
#305 = CARTESIAN_POINT('',(0.,0.,5.05));
#306 = DIRECTION('',(0.,0.,1.));
#307 = DIRECTION('',(1.,0.,-0.));
#308 = TOROIDAL_SURFACE('',#309,1.2,0.4);
#309 = AXIS2_PLACEMENT_3D('',#310,#311,#312);
#310 = CARTESIAN_POINT('',(1.2,0.,5.05));
#311 = DIRECTION('',(0.,1.,0.));
#312 = DIRECTION('',(-1.,0.,2.960594732334E-15));
#313 = ADVANCED_FACE('',(#314),#334,.T.);
#314 = FACE_BOUND('',#315,.T.);
#315 = EDGE_LOOP('',(#316,#325,#332,#333));
#316 = ORIENTED_EDGE('',*,*,#317,.T.);
#317 = EDGE_CURVE('',#268,#318,#320,.T.);
#318 = VERTEX_POINT('',#319);
#319 = CARTESIAN_POINT('',(55.48,0.,5.05));
#320 = CIRCLE('',#321,0.8);
#321 = AXIS2_PLACEMENT_3D('',#322,#323,#324);
#322 = CARTESIAN_POINT('',(54.68,1.469576158977E-16,5.05));
#323 = DIRECTION('',(0.,1.,0.));
#324 = DIRECTION('',(0.,-0.,1.));
#325 = ORIENTED_EDGE('',*,*,#326,.T.);
#326 = EDGE_CURVE('',#318,#318,#327,.T.);
#327 = CIRCLE('',#328,0.4);
#328 = AXIS2_PLACEMENT_3D('',#329,#330,#331);
#329 = CARTESIAN_POINT('',(55.88,0.,5.05));
#330 = DIRECTION('',(-1.393499969508E-15,0.,1.));
#331 = DIRECTION('',(1.,0.,1.393499969508E-15));
#332 = ORIENTED_EDGE('',*,*,#317,.F.);
#333 = ORIENTED_EDGE('',*,*,#275,.T.);
#334 = TOROIDAL_SURFACE('',#335,1.2,0.4);
#335 = AXIS2_PLACEMENT_3D('',#336,#337,#338);
#336 = CARTESIAN_POINT('',(54.68,0.,5.05));
#337 = DIRECTION('',(0.,1.,0.));
#338 = DIRECTION('',(0.,-0.,1.));
#339 = ADVANCED_FACE('',(#340),#359,.T.);
#340 = FACE_BOUND('',#341,.T.);
#341 = EDGE_LOOP('',(#342,#350,#351,#352));
#342 = ORIENTED_EDGE('',*,*,#343,.T.);
#343 = EDGE_CURVE('',#344,#292,#346,.T.);
#344 = VERTEX_POINT('',#345);
#345 = CARTESIAN_POINT('',(0.4,-9.797174393179E-17,-3.));
#346 = LINE('',#347,#348);
#347 = CARTESIAN_POINT('',(0.4,0.,-3.));
#348 = VECTOR('',#349,1.);
#349 = DIRECTION('',(0.,0.,1.));
#350 = ORIENTED_EDGE('',*,*,#302,.F.);
#351 = ORIENTED_EDGE('',*,*,#343,.F.);
#352 = ORIENTED_EDGE('',*,*,#353,.T.);
#353 = EDGE_CURVE('',#344,#344,#354,.T.);
#354 = CIRCLE('',#355,0.4);
#355 = AXIS2_PLACEMENT_3D('',#356,#357,#358);
#356 = CARTESIAN_POINT('',(0.,0.,-3.));
#357 = DIRECTION('',(0.,0.,1.));
#358 = DIRECTION('',(1.,0.,-0.));
#359 = CYLINDRICAL_SURFACE('',#360,0.4);
#360 = AXIS2_PLACEMENT_3D('',#361,#362,#363);
#361 = CARTESIAN_POINT('',(0.,0.,-3.));
#362 = DIRECTION('',(0.,0.,1.));
#363 = DIRECTION('',(1.,0.,-0.));
#364 = ADVANCED_FACE('',(#365),#384,.T.);
#365 = FACE_BOUND('',#366,.T.);
#366 = EDGE_LOOP('',(#367,#375,#382,#383));
#367 = ORIENTED_EDGE('',*,*,#368,.T.);
#368 = EDGE_CURVE('',#318,#369,#371,.T.);
#369 = VERTEX_POINT('',#370);
#370 = CARTESIAN_POINT('',(55.48,-9.797174393179E-17,-3.));
#371 = LINE('',#372,#373);
#372 = CARTESIAN_POINT('',(55.48,0.,5.05));
#373 = VECTOR('',#374,1.);
#374 = DIRECTION('',(0.,0.,-1.));
#375 = ORIENTED_EDGE('',*,*,#376,.F.);
#376 = EDGE_CURVE('',#369,#369,#377,.T.);
#377 = CIRCLE('',#378,0.4);
#378 = AXIS2_PLACEMENT_3D('',#379,#380,#381);
#379 = CARTESIAN_POINT('',(55.88,0.,-3.));
#380 = DIRECTION('',(0.,0.,-1.));
#381 = DIRECTION('',(-1.,0.,0.));
#382 = ORIENTED_EDGE('',*,*,#368,.F.);
#383 = ORIENTED_EDGE('',*,*,#326,.F.);
#384 = CYLINDRICAL_SURFACE('',#385,0.4);
#385 = AXIS2_PLACEMENT_3D('',#386,#387,#388);
#386 = CARTESIAN_POINT('',(55.88,0.,5.05));
#387 = DIRECTION('',(0.,0.,-1.));
#388 = DIRECTION('',(-1.,0.,0.));
#389 = ADVANCED_FACE('',(#390),#393,.T.);
#390 = FACE_BOUND('',#391,.F.);
#391 = EDGE_LOOP('',(#392));
#392 = ORIENTED_EDGE('',*,*,#353,.T.);
#393 = PLANE('',#394);
#394 = AXIS2_PLACEMENT_3D('',#395,#396,#397);
#395 = CARTESIAN_POINT('',(0.4,0.,-3.));
#396 = DIRECTION('',(0.,0.,-1.));
#397 = DIRECTION('',(-1.,0.,0.));
#398 = ADVANCED_FACE('',(#399),#402,.F.);
#399 = FACE_BOUND('',#400,.T.);
#400 = EDGE_LOOP('',(#401));
#401 = ORIENTED_EDGE('',*,*,#376,.T.);
#402 = PLANE('',#403);
#403 = AXIS2_PLACEMENT_3D('',#404,#405,#406);
#404 = CARTESIAN_POINT('',(55.48,0.,-3.));
#405 = DIRECTION('',(0.,0.,1.));
#406 = DIRECTION('',(1.,0.,-0.));
#407 = ( GEOMETRIC_REPRESENTATION_CONTEXT(3) 
GLOBAL_UNCERTAINTY_ASSIGNED_CONTEXT((#411)) GLOBAL_UNIT_ASSIGNED_CONTEXT
((#408,#409,#410)) REPRESENTATION_CONTEXT('Context #1',
  '3D Context with UNIT and UNCERTAINTY') );
#408 = ( LENGTH_UNIT() NAMED_UNIT(*) SI_UNIT(.MILLI.,.METRE.) );
#409 = ( NAMED_UNIT(*) PLANE_ANGLE_UNIT() SI_UNIT($,.RADIAN.) );
#410 = ( NAMED_UNIT(*) SI_UNIT($,.STERADIAN.) SOLID_ANGLE_UNIT() );
#411 = UNCERTAINTY_MEASURE_WITH_UNIT(LENGTH_MEASURE(1.E-07),#408,
  'distance_accuracy_value','confusion accuracy');
#412 = CONTEXT_DEPENDENT_SHAPE_REPRESENTATION(#413,#415);
#413 = ( REPRESENTATION_RELATIONSHIP('','',#64,#10) 
REPRESENTATION_RELATIONSHIP_WITH_TRANSFORMATION(#414) 
SHAPE_REPRESENTATION_RELATIONSHIP() );
#414 = ITEM_DEFINED_TRANSFORMATION('','',#11,#15);
#415 = PRODUCT_DEFINITION_SHAPE('Placement','Placement of an item',#416
  );
#416 = NEXT_ASSEMBLY_USAGE_OCCURRENCE('1','R1','',#5,#59,$);
#417 = PRODUCT_RELATED_PRODUCT_CATEGORY('part',$,(#61));
#418 = CONTEXT_DEPENDENT_SHAPE_REPRESENTATION(#419,#421);
#419 = ( REPRESENTATION_RELATIONSHIP('','',#64,#10) 
REPRESENTATION_RELATIONSHIP_WITH_TRANSFORMATION(#420) 
SHAPE_REPRESENTATION_RELATIONSHIP() );
#420 = ITEM_DEFINED_TRANSFORMATION('','',#11,#19);
#421 = PRODUCT_DEFINITION_SHAPE('Placement','Placement of an item',#422
  );
#422 = NEXT_ASSEMBLY_USAGE_OCCURRENCE('2','R2','',#5,#59,$);
#423 = CONTEXT_DEPENDENT_SHAPE_REPRESENTATION(#424,#426);
#424 = ( REPRESENTATION_RELATIONSHIP('','',#64,#10) 
REPRESENTATION_RELATIONSHIP_WITH_TRANSFORMATION(#425) 
SHAPE_REPRESENTATION_RELATIONSHIP() );
#425 = ITEM_DEFINED_TRANSFORMATION('','',#11,#23);
#426 = PRODUCT_DEFINITION_SHAPE('Placement','Placement of an item',#427
  );
#427 = NEXT_ASSEMBLY_USAGE_OCCURRENCE('3','R3','',#5,#59,$);
#428 = SHAPE_DEFINITION_REPRESENTATION(#429,#435);
#429 = PRODUCT_DEFINITION_SHAPE('','',#430);
#430 = PRODUCT_DEFINITION('design','',#431,#434);
#431 = PRODUCT_DEFINITION_FORMATION('','',#432);
#432 = PRODUCT('PinHeader_1x01_P2.54mm_Vertical',
  'PinHeader_1x01_P2.54mm_Vertical','',(#433));
#433 = PRODUCT_CONTEXT('',#2,'mechanical');
#434 = PRODUCT_DEFINITION_CONTEXT('part definition',#2,'design');
#435 = ADVANCED_BREP_SHAPE_REPRESENTATION('',(#11,#436),#1194);
#436 = MANIFOLD_SOLID_BREP('',#437);
#437 = CLOSED_SHELL('',(#438,#478,#509,#540,#623,#706,#723,#740,#757,
    #774,#786,#817,#841,#865,#882,#913,#937,#961,#978,#1009,#1033,#1057,
    #1074,#1105,#1129,#1153,#1170,#1182));
#438 = ADVANCED_FACE('',(#439),#473,.F.);
#439 = FACE_BOUND('',#440,.F.);
#440 = EDGE_LOOP('',(#441,#451,#459,#467));
#441 = ORIENTED_EDGE('',*,*,#442,.T.);
#442 = EDGE_CURVE('',#443,#445,#447,.T.);
#443 = VERTEX_POINT('',#444);
#444 = CARTESIAN_POINT('',(-1.016,1.27,0.));
#445 = VERTEX_POINT('',#446);
#446 = CARTESIAN_POINT('',(-1.016,1.27,2.54));
#447 = LINE('',#448,#449);
#448 = CARTESIAN_POINT('',(-1.016,1.27,0.));
#449 = VECTOR('',#450,1.);
#450 = DIRECTION('',(0.,0.,1.));
#451 = ORIENTED_EDGE('',*,*,#452,.T.);
#452 = EDGE_CURVE('',#445,#453,#455,.T.);
#453 = VERTEX_POINT('',#454);
#454 = CARTESIAN_POINT('',(-1.27,1.016,2.54));
#455 = LINE('',#456,#457);
#456 = CARTESIAN_POINT('',(-1.016,1.27,2.54));
#457 = VECTOR('',#458,1.);
#458 = DIRECTION('',(-0.707106781187,-0.707106781187,0.));
#459 = ORIENTED_EDGE('',*,*,#460,.F.);
#460 = EDGE_CURVE('',#461,#453,#463,.T.);
#461 = VERTEX_POINT('',#462);
#462 = CARTESIAN_POINT('',(-1.27,1.016,0.));
#463 = LINE('',#464,#465);
#464 = CARTESIAN_POINT('',(-1.27,1.016,0.));
#465 = VECTOR('',#466,1.);
#466 = DIRECTION('',(0.,0.,1.));
#467 = ORIENTED_EDGE('',*,*,#468,.F.);
#468 = EDGE_CURVE('',#443,#461,#469,.T.);
#469 = LINE('',#470,#471);
#470 = CARTESIAN_POINT('',(-1.016,1.27,0.));
#471 = VECTOR('',#472,1.);
#472 = DIRECTION('',(-0.707106781187,-0.707106781187,0.));
#473 = PLANE('',#474);
#474 = AXIS2_PLACEMENT_3D('',#475,#476,#477);
#475 = CARTESIAN_POINT('',(-1.016,1.27,0.));
#476 = DIRECTION('',(0.707106781187,-0.707106781187,0.));
#477 = DIRECTION('',(-0.707106781187,-0.707106781187,0.));
#478 = ADVANCED_FACE('',(#479),#504,.F.);
#479 = FACE_BOUND('',#480,.F.);
#480 = EDGE_LOOP('',(#481,#491,#497,#498));
#481 = ORIENTED_EDGE('',*,*,#482,.T.);
#482 = EDGE_CURVE('',#483,#485,#487,.T.);
#483 = VERTEX_POINT('',#484);
#484 = CARTESIAN_POINT('',(1.016,1.27,0.));
#485 = VERTEX_POINT('',#486);
#486 = CARTESIAN_POINT('',(1.016,1.27,2.54));
#487 = LINE('',#488,#489);
#488 = CARTESIAN_POINT('',(1.016,1.27,0.));
#489 = VECTOR('',#490,1.);
#490 = DIRECTION('',(0.,0.,1.));
#491 = ORIENTED_EDGE('',*,*,#492,.T.);
#492 = EDGE_CURVE('',#485,#445,#493,.T.);
#493 = LINE('',#494,#495);
#494 = CARTESIAN_POINT('',(1.016,1.27,2.54));
#495 = VECTOR('',#496,1.);
#496 = DIRECTION('',(-1.,0.,0.));
#497 = ORIENTED_EDGE('',*,*,#442,.F.);
#498 = ORIENTED_EDGE('',*,*,#499,.F.);
#499 = EDGE_CURVE('',#483,#443,#500,.T.);
#500 = LINE('',#501,#502);
#501 = CARTESIAN_POINT('',(1.016,1.27,0.));
#502 = VECTOR('',#503,1.);
#503 = DIRECTION('',(-1.,0.,0.));
#504 = PLANE('',#505);
#505 = AXIS2_PLACEMENT_3D('',#506,#507,#508);
#506 = CARTESIAN_POINT('',(1.016,1.27,0.));
#507 = DIRECTION('',(0.,-1.,0.));
#508 = DIRECTION('',(-1.,0.,0.));
#509 = ADVANCED_FACE('',(#510),#535,.F.);
#510 = FACE_BOUND('',#511,.F.);
#511 = EDGE_LOOP('',(#512,#513,#521,#529));
#512 = ORIENTED_EDGE('',*,*,#460,.T.);
#513 = ORIENTED_EDGE('',*,*,#514,.T.);
#514 = EDGE_CURVE('',#453,#515,#517,.T.);
#515 = VERTEX_POINT('',#516);
#516 = CARTESIAN_POINT('',(-1.27,-1.016,2.54));
#517 = LINE('',#518,#519);
#518 = CARTESIAN_POINT('',(-1.27,1.016,2.54));
#519 = VECTOR('',#520,1.);
#520 = DIRECTION('',(0.,-1.,0.));
#521 = ORIENTED_EDGE('',*,*,#522,.F.);
#522 = EDGE_CURVE('',#523,#515,#525,.T.);
#523 = VERTEX_POINT('',#524);
#524 = CARTESIAN_POINT('',(-1.27,-1.016,0.));
#525 = LINE('',#526,#527);
#526 = CARTESIAN_POINT('',(-1.27,-1.016,0.));
#527 = VECTOR('',#528,1.);
#528 = DIRECTION('',(0.,0.,1.));
#529 = ORIENTED_EDGE('',*,*,#530,.F.);
#530 = EDGE_CURVE('',#461,#523,#531,.T.);
#531 = LINE('',#532,#533);
#532 = CARTESIAN_POINT('',(-1.27,1.016,0.));
#533 = VECTOR('',#534,1.);
#534 = DIRECTION('',(0.,-1.,0.));
#535 = PLANE('',#536);
#536 = AXIS2_PLACEMENT_3D('',#537,#538,#539);
#537 = CARTESIAN_POINT('',(-1.27,1.016,0.));
#538 = DIRECTION('',(1.,0.,0.));
#539 = DIRECTION('',(0.,-1.,0.));
#540 = ADVANCED_FACE('',(#541,#584),#618,.F.);
#541 = FACE_BOUND('',#542,.F.);
#542 = EDGE_LOOP('',(#543,#544,#545,#553,#561,#569,#577,#583));
#543 = ORIENTED_EDGE('',*,*,#468,.T.);
#544 = ORIENTED_EDGE('',*,*,#530,.T.);
#545 = ORIENTED_EDGE('',*,*,#546,.T.);
#546 = EDGE_CURVE('',#523,#547,#549,.T.);
#547 = VERTEX_POINT('',#548);
#548 = CARTESIAN_POINT('',(-1.016,-1.27,0.));
#549 = LINE('',#550,#551);
#550 = CARTESIAN_POINT('',(-1.27,-1.016,0.));
#551 = VECTOR('',#552,1.);
#552 = DIRECTION('',(0.707106781187,-0.707106781187,0.));
#553 = ORIENTED_EDGE('',*,*,#554,.T.);
#554 = EDGE_CURVE('',#547,#555,#557,.T.);
#555 = VERTEX_POINT('',#556);
#556 = CARTESIAN_POINT('',(1.016,-1.27,0.));
#557 = LINE('',#558,#559);
#558 = CARTESIAN_POINT('',(-1.016,-1.27,0.));
#559 = VECTOR('',#560,1.);
#560 = DIRECTION('',(1.,0.,0.));
#561 = ORIENTED_EDGE('',*,*,#562,.T.);
#562 = EDGE_CURVE('',#555,#563,#565,.T.);
#563 = VERTEX_POINT('',#564);
#564 = CARTESIAN_POINT('',(1.27,-1.016,0.));
#565 = LINE('',#566,#567);
#566 = CARTESIAN_POINT('',(1.016,-1.27,0.));
#567 = VECTOR('',#568,1.);
#568 = DIRECTION('',(0.707106781187,0.707106781187,0.));
#569 = ORIENTED_EDGE('',*,*,#570,.T.);
#570 = EDGE_CURVE('',#563,#571,#573,.T.);
#571 = VERTEX_POINT('',#572);
#572 = CARTESIAN_POINT('',(1.27,1.016,0.));
#573 = LINE('',#574,#575);
#574 = CARTESIAN_POINT('',(1.27,-1.016,0.));
#575 = VECTOR('',#576,1.);
#576 = DIRECTION('',(0.,1.,0.));
#577 = ORIENTED_EDGE('',*,*,#578,.T.);
#578 = EDGE_CURVE('',#571,#483,#579,.T.);
#579 = LINE('',#580,#581);
#580 = CARTESIAN_POINT('',(1.27,1.016,0.));
#581 = VECTOR('',#582,1.);
#582 = DIRECTION('',(-0.707106781187,0.707106781187,0.));
#583 = ORIENTED_EDGE('',*,*,#499,.T.);
#584 = FACE_BOUND('',#585,.F.);
#585 = EDGE_LOOP('',(#586,#596,#604,#612));
#586 = ORIENTED_EDGE('',*,*,#587,.T.);
#587 = EDGE_CURVE('',#588,#590,#592,.T.);
#588 = VERTEX_POINT('',#589);
#589 = CARTESIAN_POINT('',(0.32,-0.32,0.));
#590 = VERTEX_POINT('',#591);
#591 = CARTESIAN_POINT('',(-0.32,-0.32,0.));
#592 = LINE('',#593,#594);
#593 = CARTESIAN_POINT('',(-0.16,-0.32,0.));
#594 = VECTOR('',#595,1.);
#595 = DIRECTION('',(-1.,0.,0.));
#596 = ORIENTED_EDGE('',*,*,#597,.T.);
#597 = EDGE_CURVE('',#590,#598,#600,.T.);
#598 = VERTEX_POINT('',#599);
#599 = CARTESIAN_POINT('',(-0.32,0.32,0.));
#600 = LINE('',#601,#602);
#601 = CARTESIAN_POINT('',(-0.32,-0.16,0.));
#602 = VECTOR('',#603,1.);
#603 = DIRECTION('',(0.,1.,0.));
#604 = ORIENTED_EDGE('',*,*,#605,.F.);
#605 = EDGE_CURVE('',#606,#598,#608,.T.);
#606 = VERTEX_POINT('',#607);
#607 = CARTESIAN_POINT('',(0.32,0.32,0.));
#608 = LINE('',#609,#610);
#609 = CARTESIAN_POINT('',(-0.16,0.32,0.));
#610 = VECTOR('',#611,1.);
#611 = DIRECTION('',(-1.,0.,0.));
#612 = ORIENTED_EDGE('',*,*,#613,.F.);
#613 = EDGE_CURVE('',#588,#606,#614,.T.);
#614 = LINE('',#615,#616);
#615 = CARTESIAN_POINT('',(0.32,-0.16,0.));
#616 = VECTOR('',#617,1.);
#617 = DIRECTION('',(0.,1.,0.));
#618 = PLANE('',#619);
#619 = AXIS2_PLACEMENT_3D('',#620,#621,#622);
#620 = CARTESIAN_POINT('',(2.321466769849E-17,4.642933539699E-17,0.));
#621 = DIRECTION('',(0.,0.,1.));
#622 = DIRECTION('',(1.,0.,-0.));
#623 = ADVANCED_FACE('',(#624,#667),#701,.T.);
#624 = FACE_BOUND('',#625,.T.);
#625 = EDGE_LOOP('',(#626,#627,#628,#636,#644,#652,#660,#666));
#626 = ORIENTED_EDGE('',*,*,#452,.T.);
#627 = ORIENTED_EDGE('',*,*,#514,.T.);
#628 = ORIENTED_EDGE('',*,*,#629,.T.);
#629 = EDGE_CURVE('',#515,#630,#632,.T.);
#630 = VERTEX_POINT('',#631);
#631 = CARTESIAN_POINT('',(-1.016,-1.27,2.54));
#632 = LINE('',#633,#634);
#633 = CARTESIAN_POINT('',(-1.27,-1.016,2.54));
#634 = VECTOR('',#635,1.);
#635 = DIRECTION('',(0.707106781187,-0.707106781187,0.));
#636 = ORIENTED_EDGE('',*,*,#637,.T.);
#637 = EDGE_CURVE('',#630,#638,#640,.T.);
#638 = VERTEX_POINT('',#639);
#639 = CARTESIAN_POINT('',(1.016,-1.27,2.54));
#640 = LINE('',#641,#642);
#641 = CARTESIAN_POINT('',(-1.016,-1.27,2.54));
#642 = VECTOR('',#643,1.);
#643 = DIRECTION('',(1.,0.,0.));
#644 = ORIENTED_EDGE('',*,*,#645,.T.);
#645 = EDGE_CURVE('',#638,#646,#648,.T.);
#646 = VERTEX_POINT('',#647);
#647 = CARTESIAN_POINT('',(1.27,-1.016,2.54));
#648 = LINE('',#649,#650);
#649 = CARTESIAN_POINT('',(1.016,-1.27,2.54));
#650 = VECTOR('',#651,1.);
#651 = DIRECTION('',(0.707106781187,0.707106781187,0.));
#652 = ORIENTED_EDGE('',*,*,#653,.T.);
#653 = EDGE_CURVE('',#646,#654,#656,.T.);
#654 = VERTEX_POINT('',#655);
#655 = CARTESIAN_POINT('',(1.27,1.016,2.54));
#656 = LINE('',#657,#658);
#657 = CARTESIAN_POINT('',(1.27,-1.016,2.54));
#658 = VECTOR('',#659,1.);
#659 = DIRECTION('',(0.,1.,0.));
#660 = ORIENTED_EDGE('',*,*,#661,.T.);
#661 = EDGE_CURVE('',#654,#485,#662,.T.);
#662 = LINE('',#663,#664);
#663 = CARTESIAN_POINT('',(1.27,1.016,2.54));
#664 = VECTOR('',#665,1.);
#665 = DIRECTION('',(-0.707106781187,0.707106781187,0.));
#666 = ORIENTED_EDGE('',*,*,#492,.T.);
#667 = FACE_BOUND('',#668,.T.);
#668 = EDGE_LOOP('',(#669,#679,#687,#695));
#669 = ORIENTED_EDGE('',*,*,#670,.T.);
#670 = EDGE_CURVE('',#671,#673,#675,.T.);
#671 = VERTEX_POINT('',#672);
#672 = CARTESIAN_POINT('',(0.32,-0.32,2.54));
#673 = VERTEX_POINT('',#674);
#674 = CARTESIAN_POINT('',(-0.32,-0.32,2.54));
#675 = LINE('',#676,#677);
#676 = CARTESIAN_POINT('',(-0.16,-0.32,2.54));
#677 = VECTOR('',#678,1.);
#678 = DIRECTION('',(-1.,0.,0.));
#679 = ORIENTED_EDGE('',*,*,#680,.T.);
#680 = EDGE_CURVE('',#673,#681,#683,.T.);
#681 = VERTEX_POINT('',#682);
#682 = CARTESIAN_POINT('',(-0.32,0.32,2.54));
#683 = LINE('',#684,#685);
#684 = CARTESIAN_POINT('',(-0.32,-0.16,2.54));
#685 = VECTOR('',#686,1.);
#686 = DIRECTION('',(0.,1.,0.));
#687 = ORIENTED_EDGE('',*,*,#688,.F.);
#688 = EDGE_CURVE('',#689,#681,#691,.T.);
#689 = VERTEX_POINT('',#690);
#690 = CARTESIAN_POINT('',(0.32,0.32,2.54));
#691 = LINE('',#692,#693);
#692 = CARTESIAN_POINT('',(-0.16,0.32,2.54));
#693 = VECTOR('',#694,1.);
#694 = DIRECTION('',(-1.,0.,0.));
#695 = ORIENTED_EDGE('',*,*,#696,.F.);
#696 = EDGE_CURVE('',#671,#689,#697,.T.);
#697 = LINE('',#698,#699);
#698 = CARTESIAN_POINT('',(0.32,-0.16,2.54));
#699 = VECTOR('',#700,1.);
#700 = DIRECTION('',(0.,1.,0.));
#701 = PLANE('',#702);
#702 = AXIS2_PLACEMENT_3D('',#703,#704,#705);
#703 = CARTESIAN_POINT('',(2.321466769849E-17,4.642933539699E-17,2.54));
#704 = DIRECTION('',(0.,0.,1.));
#705 = DIRECTION('',(1.,0.,-0.));
#706 = ADVANCED_FACE('',(#707),#718,.F.);
#707 = FACE_BOUND('',#708,.F.);
#708 = EDGE_LOOP('',(#709,#715,#716,#717));
#709 = ORIENTED_EDGE('',*,*,#710,.T.);
#710 = EDGE_CURVE('',#571,#654,#711,.T.);
#711 = LINE('',#712,#713);
#712 = CARTESIAN_POINT('',(1.27,1.016,0.));
#713 = VECTOR('',#714,1.);
#714 = DIRECTION('',(0.,0.,1.));
#715 = ORIENTED_EDGE('',*,*,#661,.T.);
#716 = ORIENTED_EDGE('',*,*,#482,.F.);
#717 = ORIENTED_EDGE('',*,*,#578,.F.);
#718 = PLANE('',#719);
#719 = AXIS2_PLACEMENT_3D('',#720,#721,#722);
#720 = CARTESIAN_POINT('',(1.27,1.016,0.));
#721 = DIRECTION('',(-0.707106781187,-0.707106781187,0.));
#722 = DIRECTION('',(-0.707106781187,0.707106781187,0.));
#723 = ADVANCED_FACE('',(#724),#735,.F.);
#724 = FACE_BOUND('',#725,.F.);
#725 = EDGE_LOOP('',(#726,#727,#728,#734));
#726 = ORIENTED_EDGE('',*,*,#522,.T.);
#727 = ORIENTED_EDGE('',*,*,#629,.T.);
#728 = ORIENTED_EDGE('',*,*,#729,.F.);
#729 = EDGE_CURVE('',#547,#630,#730,.T.);
#730 = LINE('',#731,#732);
#731 = CARTESIAN_POINT('',(-1.016,-1.27,0.));
#732 = VECTOR('',#733,1.);
#733 = DIRECTION('',(0.,0.,1.));
#734 = ORIENTED_EDGE('',*,*,#546,.F.);
#735 = PLANE('',#736);
#736 = AXIS2_PLACEMENT_3D('',#737,#738,#739);
#737 = CARTESIAN_POINT('',(-1.27,-1.016,0.));
#738 = DIRECTION('',(0.707106781187,0.707106781187,0.));
#739 = DIRECTION('',(0.707106781187,-0.707106781187,0.));
#740 = ADVANCED_FACE('',(#741),#752,.F.);
#741 = FACE_BOUND('',#742,.F.);
#742 = EDGE_LOOP('',(#743,#749,#750,#751));
#743 = ORIENTED_EDGE('',*,*,#744,.T.);
#744 = EDGE_CURVE('',#563,#646,#745,.T.);
#745 = LINE('',#746,#747);
#746 = CARTESIAN_POINT('',(1.27,-1.016,0.));
#747 = VECTOR('',#748,1.);
#748 = DIRECTION('',(0.,0.,1.));
#749 = ORIENTED_EDGE('',*,*,#653,.T.);
#750 = ORIENTED_EDGE('',*,*,#710,.F.);
#751 = ORIENTED_EDGE('',*,*,#570,.F.);
#752 = PLANE('',#753);
#753 = AXIS2_PLACEMENT_3D('',#754,#755,#756);
#754 = CARTESIAN_POINT('',(1.27,-1.016,0.));
#755 = DIRECTION('',(-1.,0.,0.));
#756 = DIRECTION('',(0.,1.,0.));
#757 = ADVANCED_FACE('',(#758),#769,.F.);
#758 = FACE_BOUND('',#759,.F.);
#759 = EDGE_LOOP('',(#760,#761,#762,#768));
#760 = ORIENTED_EDGE('',*,*,#729,.T.);
#761 = ORIENTED_EDGE('',*,*,#637,.T.);
#762 = ORIENTED_EDGE('',*,*,#763,.F.);
#763 = EDGE_CURVE('',#555,#638,#764,.T.);
#764 = LINE('',#765,#766);
#765 = CARTESIAN_POINT('',(1.016,-1.27,0.));
#766 = VECTOR('',#767,1.);
#767 = DIRECTION('',(0.,0.,1.));
#768 = ORIENTED_EDGE('',*,*,#554,.F.);
#769 = PLANE('',#770);
#770 = AXIS2_PLACEMENT_3D('',#771,#772,#773);
#771 = CARTESIAN_POINT('',(-1.016,-1.27,0.));
#772 = DIRECTION('',(0.,1.,0.));
#773 = DIRECTION('',(1.,0.,0.));
#774 = ADVANCED_FACE('',(#775),#781,.F.);
#775 = FACE_BOUND('',#776,.F.);
#776 = EDGE_LOOP('',(#777,#778,#779,#780));
#777 = ORIENTED_EDGE('',*,*,#763,.T.);
#778 = ORIENTED_EDGE('',*,*,#645,.T.);
#779 = ORIENTED_EDGE('',*,*,#744,.F.);
#780 = ORIENTED_EDGE('',*,*,#562,.F.);
#781 = PLANE('',#782);
#782 = AXIS2_PLACEMENT_3D('',#783,#784,#785);
#783 = CARTESIAN_POINT('',(1.016,-1.27,0.));
#784 = DIRECTION('',(-0.707106781187,0.707106781187,0.));
#785 = DIRECTION('',(0.707106781187,0.707106781187,0.));
#786 = ADVANCED_FACE('',(#787),#812,.F.);
#787 = FACE_BOUND('',#788,.F.);
#788 = EDGE_LOOP('',(#789,#797,#805,#811));
#789 = ORIENTED_EDGE('',*,*,#790,.F.);
#790 = EDGE_CURVE('',#791,#588,#793,.T.);
#791 = VERTEX_POINT('',#792);
#792 = CARTESIAN_POINT('',(0.32,-0.32,-2.84));
#793 = LINE('',#794,#795);
#794 = CARTESIAN_POINT('',(0.32,-0.32,-3.));
#795 = VECTOR('',#796,1.);
#796 = DIRECTION('',(0.,0.,1.));
#797 = ORIENTED_EDGE('',*,*,#798,.F.);
#798 = EDGE_CURVE('',#799,#791,#801,.T.);
#799 = VERTEX_POINT('',#800);
#800 = CARTESIAN_POINT('',(-0.32,-0.32,-2.84));
#801 = LINE('',#802,#803);
#802 = CARTESIAN_POINT('',(-0.32,-0.32,-2.84));
#803 = VECTOR('',#804,1.);
#804 = DIRECTION('',(1.,0.,0.));
#805 = ORIENTED_EDGE('',*,*,#806,.T.);
#806 = EDGE_CURVE('',#799,#590,#807,.T.);
#807 = LINE('',#808,#809);
#808 = CARTESIAN_POINT('',(-0.32,-0.32,-3.));
#809 = VECTOR('',#810,1.);
#810 = DIRECTION('',(0.,0.,1.));
#811 = ORIENTED_EDGE('',*,*,#587,.F.);
#812 = PLANE('',#813);
#813 = AXIS2_PLACEMENT_3D('',#814,#815,#816);
#814 = CARTESIAN_POINT('',(-0.32,-0.32,-3.));
#815 = DIRECTION('',(0.,1.,0.));
#816 = DIRECTION('',(0.,-0.,1.));
#817 = ADVANCED_FACE('',(#818),#836,.T.);
#818 = FACE_BOUND('',#819,.T.);
#819 = EDGE_LOOP('',(#820,#821,#829,#835));
#820 = ORIENTED_EDGE('',*,*,#790,.F.);
#821 = ORIENTED_EDGE('',*,*,#822,.T.);
#822 = EDGE_CURVE('',#791,#823,#825,.T.);
#823 = VERTEX_POINT('',#824);
#824 = CARTESIAN_POINT('',(0.32,0.32,-2.84));
#825 = LINE('',#826,#827);
#826 = CARTESIAN_POINT('',(0.32,-0.32,-2.84));
#827 = VECTOR('',#828,1.);
#828 = DIRECTION('',(0.,1.,0.));
#829 = ORIENTED_EDGE('',*,*,#830,.T.);
#830 = EDGE_CURVE('',#823,#606,#831,.T.);
#831 = LINE('',#832,#833);
#832 = CARTESIAN_POINT('',(0.32,0.32,-3.));
#833 = VECTOR('',#834,1.);
#834 = DIRECTION('',(0.,0.,1.));
#835 = ORIENTED_EDGE('',*,*,#613,.F.);
#836 = PLANE('',#837);
#837 = AXIS2_PLACEMENT_3D('',#838,#839,#840);
#838 = CARTESIAN_POINT('',(0.32,-0.32,-3.));
#839 = DIRECTION('',(1.,0.,0.));
#840 = DIRECTION('',(0.,0.,1.));
#841 = ADVANCED_FACE('',(#842),#860,.T.);
#842 = FACE_BOUND('',#843,.T.);
#843 = EDGE_LOOP('',(#844,#845,#853,#859));
#844 = ORIENTED_EDGE('',*,*,#830,.F.);
#845 = ORIENTED_EDGE('',*,*,#846,.F.);
#846 = EDGE_CURVE('',#847,#823,#849,.T.);
#847 = VERTEX_POINT('',#848);
#848 = CARTESIAN_POINT('',(-0.32,0.32,-2.84));
#849 = LINE('',#850,#851);
#850 = CARTESIAN_POINT('',(-0.32,0.32,-2.84));
#851 = VECTOR('',#852,1.);
#852 = DIRECTION('',(1.,0.,0.));
#853 = ORIENTED_EDGE('',*,*,#854,.T.);
#854 = EDGE_CURVE('',#847,#598,#855,.T.);
#855 = LINE('',#856,#857);
#856 = CARTESIAN_POINT('',(-0.32,0.32,-3.));
#857 = VECTOR('',#858,1.);
#858 = DIRECTION('',(0.,0.,1.));
#859 = ORIENTED_EDGE('',*,*,#605,.F.);
#860 = PLANE('',#861);
#861 = AXIS2_PLACEMENT_3D('',#862,#863,#864);
#862 = CARTESIAN_POINT('',(-0.32,0.32,-3.));
#863 = DIRECTION('',(0.,1.,0.));
#864 = DIRECTION('',(0.,-0.,1.));
#865 = ADVANCED_FACE('',(#866),#877,.F.);
#866 = FACE_BOUND('',#867,.F.);
#867 = EDGE_LOOP('',(#868,#869,#875,#876));
#868 = ORIENTED_EDGE('',*,*,#806,.F.);
#869 = ORIENTED_EDGE('',*,*,#870,.T.);
#870 = EDGE_CURVE('',#799,#847,#871,.T.);
#871 = LINE('',#872,#873);
#872 = CARTESIAN_POINT('',(-0.32,-0.32,-2.84));
#873 = VECTOR('',#874,1.);
#874 = DIRECTION('',(0.,1.,0.));
#875 = ORIENTED_EDGE('',*,*,#854,.T.);
#876 = ORIENTED_EDGE('',*,*,#597,.F.);
#877 = PLANE('',#878);
#878 = AXIS2_PLACEMENT_3D('',#879,#880,#881);
#879 = CARTESIAN_POINT('',(-0.32,-0.32,-3.));
#880 = DIRECTION('',(1.,0.,0.));
#881 = DIRECTION('',(0.,0.,1.));
#882 = ADVANCED_FACE('',(#883),#908,.F.);
#883 = FACE_BOUND('',#884,.F.);
#884 = EDGE_LOOP('',(#885,#893,#894,#902));
#885 = ORIENTED_EDGE('',*,*,#886,.F.);
#886 = EDGE_CURVE('',#671,#887,#889,.T.);
#887 = VERTEX_POINT('',#888);
#888 = CARTESIAN_POINT('',(0.32,-0.32,8.38));
#889 = LINE('',#890,#891);
#890 = CARTESIAN_POINT('',(0.32,-0.32,-3.));
#891 = VECTOR('',#892,1.);
#892 = DIRECTION('',(0.,0.,1.));
#893 = ORIENTED_EDGE('',*,*,#670,.T.);
#894 = ORIENTED_EDGE('',*,*,#895,.T.);
#895 = EDGE_CURVE('',#673,#896,#898,.T.);
#896 = VERTEX_POINT('',#897);
#897 = CARTESIAN_POINT('',(-0.32,-0.32,8.38));
#898 = LINE('',#899,#900);
#899 = CARTESIAN_POINT('',(-0.32,-0.32,-3.));
#900 = VECTOR('',#901,1.);
#901 = DIRECTION('',(0.,0.,1.));
#902 = ORIENTED_EDGE('',*,*,#903,.T.);
#903 = EDGE_CURVE('',#896,#887,#904,.T.);
#904 = LINE('',#905,#906);
#905 = CARTESIAN_POINT('',(-0.32,-0.32,8.38));
#906 = VECTOR('',#907,1.);
#907 = DIRECTION('',(1.,0.,0.));
#908 = PLANE('',#909);
#909 = AXIS2_PLACEMENT_3D('',#910,#911,#912);
#910 = CARTESIAN_POINT('',(-0.32,-0.32,-3.));
#911 = DIRECTION('',(0.,1.,0.));
#912 = DIRECTION('',(0.,-0.,1.));
#913 = ADVANCED_FACE('',(#914),#932,.T.);
#914 = FACE_BOUND('',#915,.T.);
#915 = EDGE_LOOP('',(#916,#917,#918,#926));
#916 = ORIENTED_EDGE('',*,*,#886,.F.);
#917 = ORIENTED_EDGE('',*,*,#696,.T.);
#918 = ORIENTED_EDGE('',*,*,#919,.T.);
#919 = EDGE_CURVE('',#689,#920,#922,.T.);
#920 = VERTEX_POINT('',#921);
#921 = CARTESIAN_POINT('',(0.32,0.32,8.38));
#922 = LINE('',#923,#924);
#923 = CARTESIAN_POINT('',(0.32,0.32,-3.));
#924 = VECTOR('',#925,1.);
#925 = DIRECTION('',(0.,0.,1.));
#926 = ORIENTED_EDGE('',*,*,#927,.F.);
#927 = EDGE_CURVE('',#887,#920,#928,.T.);
#928 = LINE('',#929,#930);
#929 = CARTESIAN_POINT('',(0.32,-0.32,8.38));
#930 = VECTOR('',#931,1.);
#931 = DIRECTION('',(0.,1.,0.));
#932 = PLANE('',#933);
#933 = AXIS2_PLACEMENT_3D('',#934,#935,#936);
#934 = CARTESIAN_POINT('',(0.32,-0.32,-3.));
#935 = DIRECTION('',(1.,0.,0.));
#936 = DIRECTION('',(0.,0.,1.));
#937 = ADVANCED_FACE('',(#938),#956,.T.);
#938 = FACE_BOUND('',#939,.T.);
#939 = EDGE_LOOP('',(#940,#941,#942,#950));
#940 = ORIENTED_EDGE('',*,*,#919,.F.);
#941 = ORIENTED_EDGE('',*,*,#688,.T.);
#942 = ORIENTED_EDGE('',*,*,#943,.T.);
#943 = EDGE_CURVE('',#681,#944,#946,.T.);
#944 = VERTEX_POINT('',#945);
#945 = CARTESIAN_POINT('',(-0.32,0.32,8.38));
#946 = LINE('',#947,#948);
#947 = CARTESIAN_POINT('',(-0.32,0.32,-3.));
#948 = VECTOR('',#949,1.);
#949 = DIRECTION('',(0.,0.,1.));
#950 = ORIENTED_EDGE('',*,*,#951,.T.);
#951 = EDGE_CURVE('',#944,#920,#952,.T.);
#952 = LINE('',#953,#954);
#953 = CARTESIAN_POINT('',(-0.32,0.32,8.38));
#954 = VECTOR('',#955,1.);
#955 = DIRECTION('',(1.,0.,0.));
#956 = PLANE('',#957);
#957 = AXIS2_PLACEMENT_3D('',#958,#959,#960);
#958 = CARTESIAN_POINT('',(-0.32,0.32,-3.));
#959 = DIRECTION('',(0.,1.,0.));
#960 = DIRECTION('',(0.,-0.,1.));
#961 = ADVANCED_FACE('',(#962),#973,.F.);
#962 = FACE_BOUND('',#963,.F.);
#963 = EDGE_LOOP('',(#964,#965,#966,#967));
#964 = ORIENTED_EDGE('',*,*,#895,.F.);
#965 = ORIENTED_EDGE('',*,*,#680,.T.);
#966 = ORIENTED_EDGE('',*,*,#943,.T.);
#967 = ORIENTED_EDGE('',*,*,#968,.F.);
#968 = EDGE_CURVE('',#896,#944,#969,.T.);
#969 = LINE('',#970,#971);
#970 = CARTESIAN_POINT('',(-0.32,-0.32,8.38));
#971 = VECTOR('',#972,1.);
#972 = DIRECTION('',(0.,1.,0.));
#973 = PLANE('',#974);
#974 = AXIS2_PLACEMENT_3D('',#975,#976,#977);
#975 = CARTESIAN_POINT('',(-0.32,-0.32,-3.));
#976 = DIRECTION('',(1.,0.,0.));
#977 = DIRECTION('',(0.,0.,1.));
#978 = ADVANCED_FACE('',(#979),#1004,.T.);
#979 = FACE_BOUND('',#980,.F.);
#980 = EDGE_LOOP('',(#981,#989,#990,#998));
#981 = ORIENTED_EDGE('',*,*,#982,.F.);
#982 = EDGE_CURVE('',#799,#983,#985,.T.);
#983 = VERTEX_POINT('',#984);
#984 = CARTESIAN_POINT('',(-0.16,-0.16,-3.));
#985 = LINE('',#986,#987);
#986 = CARTESIAN_POINT('',(-0.266666666667,-0.266666666667,
    -2.893333333333));
#987 = VECTOR('',#988,1.);
#988 = DIRECTION('',(0.57735026919,0.57735026919,-0.57735026919));
#989 = ORIENTED_EDGE('',*,*,#798,.T.);
#990 = ORIENTED_EDGE('',*,*,#991,.T.);
#991 = EDGE_CURVE('',#791,#992,#994,.T.);
#992 = VERTEX_POINT('',#993);
#993 = CARTESIAN_POINT('',(0.16,-0.16,-3.));
#994 = LINE('',#995,#996);
#995 = CARTESIAN_POINT('',(0.16,-0.16,-3.));
#996 = VECTOR('',#997,1.);
#997 = DIRECTION('',(-0.57735026919,0.57735026919,-0.57735026919));
#998 = ORIENTED_EDGE('',*,*,#999,.F.);
#999 = EDGE_CURVE('',#983,#992,#1000,.T.);
#1000 = LINE('',#1001,#1002);
#1001 = CARTESIAN_POINT('',(-0.32,-0.16,-3.));
#1002 = VECTOR('',#1003,1.);
#1003 = DIRECTION('',(1.,0.,0.));
#1004 = PLANE('',#1005);
#1005 = AXIS2_PLACEMENT_3D('',#1006,#1007,#1008);
#1006 = CARTESIAN_POINT('',(-0.32,-0.24,-2.92));
#1007 = DIRECTION('',(1.735167508357E-18,-0.707106781187,-0.707106781187
    ));
#1008 = DIRECTION('',(-1.,-1.226948711654E-18,-1.226948711654E-18));
#1009 = ADVANCED_FACE('',(#1010),#1028,.F.);
#1010 = FACE_BOUND('',#1011,.F.);
#1011 = EDGE_LOOP('',(#1012,#1013,#1014,#1022));
#1012 = ORIENTED_EDGE('',*,*,#991,.F.);
#1013 = ORIENTED_EDGE('',*,*,#822,.T.);
#1014 = ORIENTED_EDGE('',*,*,#1015,.T.);
#1015 = EDGE_CURVE('',#823,#1016,#1018,.T.);
#1016 = VERTEX_POINT('',#1017);
#1017 = CARTESIAN_POINT('',(0.16,0.16,-3.));
#1018 = LINE('',#1019,#1020);
#1019 = CARTESIAN_POINT('',(5.333333333333E-02,5.333333333333E-02,
    -3.106666666667));
#1020 = VECTOR('',#1021,1.);
#1021 = DIRECTION('',(-0.57735026919,-0.57735026919,-0.57735026919));
#1022 = ORIENTED_EDGE('',*,*,#1023,.F.);
#1023 = EDGE_CURVE('',#992,#1016,#1024,.T.);
#1024 = LINE('',#1025,#1026);
#1025 = CARTESIAN_POINT('',(0.16,-0.32,-3.));
#1026 = VECTOR('',#1027,1.);
#1027 = DIRECTION('',(0.,1.,0.));
#1028 = PLANE('',#1029);
#1029 = AXIS2_PLACEMENT_3D('',#1030,#1031,#1032);
#1030 = CARTESIAN_POINT('',(0.24,-0.32,-2.92));
#1031 = DIRECTION('',(-0.707106781187,1.735167508357E-18,0.707106781187)
  );
#1032 = DIRECTION('',(1.226948711654E-18,1.,-1.226948711654E-18));
#1033 = ADVANCED_FACE('',(#1034),#1052,.F.);
#1034 = FACE_BOUND('',#1035,.T.);
#1035 = EDGE_LOOP('',(#1036,#1044,#1045,#1046));
#1036 = ORIENTED_EDGE('',*,*,#1037,.F.);
#1037 = EDGE_CURVE('',#847,#1038,#1040,.T.);
#1038 = VERTEX_POINT('',#1039);
#1039 = CARTESIAN_POINT('',(-0.16,0.16,-3.));
#1040 = LINE('',#1041,#1042);
#1041 = CARTESIAN_POINT('',(-0.16,0.16,-3.));
#1042 = VECTOR('',#1043,1.);
#1043 = DIRECTION('',(0.57735026919,-0.57735026919,-0.57735026919));
#1044 = ORIENTED_EDGE('',*,*,#846,.T.);
#1045 = ORIENTED_EDGE('',*,*,#1015,.T.);
#1046 = ORIENTED_EDGE('',*,*,#1047,.F.);
#1047 = EDGE_CURVE('',#1038,#1016,#1048,.T.);
#1048 = LINE('',#1049,#1050);
#1049 = CARTESIAN_POINT('',(-0.32,0.16,-3.));
#1050 = VECTOR('',#1051,1.);
#1051 = DIRECTION('',(1.,0.,0.));
#1052 = PLANE('',#1053);
#1053 = AXIS2_PLACEMENT_3D('',#1054,#1055,#1056);
#1054 = CARTESIAN_POINT('',(-0.32,0.24,-2.92));
#1055 = DIRECTION('',(-1.735167508357E-18,-0.707106781187,0.707106781187
    ));
#1056 = DIRECTION('',(-1.,1.226948711654E-18,-1.226948711654E-18));
#1057 = ADVANCED_FACE('',(#1058),#1069,.T.);
#1058 = FACE_BOUND('',#1059,.T.);
#1059 = EDGE_LOOP('',(#1060,#1061,#1062,#1063));
#1060 = ORIENTED_EDGE('',*,*,#982,.F.);
#1061 = ORIENTED_EDGE('',*,*,#870,.T.);
#1062 = ORIENTED_EDGE('',*,*,#1037,.T.);
#1063 = ORIENTED_EDGE('',*,*,#1064,.F.);
#1064 = EDGE_CURVE('',#983,#1038,#1065,.T.);
#1065 = LINE('',#1066,#1067);
#1066 = CARTESIAN_POINT('',(-0.16,-0.32,-3.));
#1067 = VECTOR('',#1068,1.);
#1068 = DIRECTION('',(0.,1.,0.));
#1069 = PLANE('',#1070);
#1070 = AXIS2_PLACEMENT_3D('',#1071,#1072,#1073);
#1071 = CARTESIAN_POINT('',(-0.24,-0.32,-2.92));
#1072 = DIRECTION('',(-0.707106781187,-1.735167508357E-18,
    -0.707106781187));
#1073 = DIRECTION('',(-1.226948711654E-18,1.,-1.226948711654E-18));
#1074 = ADVANCED_FACE('',(#1075),#1100,.F.);
#1075 = FACE_BOUND('',#1076,.T.);
#1076 = EDGE_LOOP('',(#1077,#1085,#1086,#1094));
#1077 = ORIENTED_EDGE('',*,*,#1078,.F.);
#1078 = EDGE_CURVE('',#896,#1079,#1081,.T.);
#1079 = VERTEX_POINT('',#1080);
#1080 = CARTESIAN_POINT('',(-0.16,-0.16,8.54));
#1081 = LINE('',#1082,#1083);
#1082 = CARTESIAN_POINT('',(-0.266666666667,-0.266666666667,
    8.433333333333));
#1083 = VECTOR('',#1084,1.);
#1084 = DIRECTION('',(0.57735026919,0.57735026919,0.57735026919));
#1085 = ORIENTED_EDGE('',*,*,#903,.T.);
#1086 = ORIENTED_EDGE('',*,*,#1087,.T.);
#1087 = EDGE_CURVE('',#887,#1088,#1090,.T.);
#1088 = VERTEX_POINT('',#1089);
#1089 = CARTESIAN_POINT('',(0.16,-0.16,8.54));
#1090 = LINE('',#1091,#1092);
#1091 = CARTESIAN_POINT('',(0.16,-0.16,8.54));
#1092 = VECTOR('',#1093,1.);
#1093 = DIRECTION('',(-0.57735026919,0.57735026919,0.57735026919));
#1094 = ORIENTED_EDGE('',*,*,#1095,.F.);
#1095 = EDGE_CURVE('',#1079,#1088,#1096,.T.);
#1096 = LINE('',#1097,#1098);
#1097 = CARTESIAN_POINT('',(-0.32,-0.16,8.54));
#1098 = VECTOR('',#1099,1.);
#1099 = DIRECTION('',(1.,0.,0.));
#1100 = PLANE('',#1101);
#1101 = AXIS2_PLACEMENT_3D('',#1102,#1103,#1104);
#1102 = CARTESIAN_POINT('',(-0.32,-0.24,8.46));
#1103 = DIRECTION('',(-1.735167508357E-18,0.707106781187,-0.707106781187
    ));
#1104 = DIRECTION('',(-1.,-1.226948711654E-18,1.226948711654E-18));
#1105 = ADVANCED_FACE('',(#1106),#1124,.T.);
#1106 = FACE_BOUND('',#1107,.T.);
#1107 = EDGE_LOOP('',(#1108,#1109,#1110,#1118));
#1108 = ORIENTED_EDGE('',*,*,#1087,.F.);
#1109 = ORIENTED_EDGE('',*,*,#927,.T.);
#1110 = ORIENTED_EDGE('',*,*,#1111,.T.);
#1111 = EDGE_CURVE('',#920,#1112,#1114,.T.);
#1112 = VERTEX_POINT('',#1113);
#1113 = CARTESIAN_POINT('',(0.16,0.16,8.54));
#1114 = LINE('',#1115,#1116);
#1115 = CARTESIAN_POINT('',(5.333333333333E-02,5.333333333333E-02,
    8.646666666667));
#1116 = VECTOR('',#1117,1.);
#1117 = DIRECTION('',(-0.57735026919,-0.57735026919,0.57735026919));
#1118 = ORIENTED_EDGE('',*,*,#1119,.F.);
#1119 = EDGE_CURVE('',#1088,#1112,#1120,.T.);
#1120 = LINE('',#1121,#1122);
#1121 = CARTESIAN_POINT('',(0.16,-0.32,8.54));
#1122 = VECTOR('',#1123,1.);
#1123 = DIRECTION('',(0.,1.,0.));
#1124 = PLANE('',#1125);
#1125 = AXIS2_PLACEMENT_3D('',#1126,#1127,#1128);
#1126 = CARTESIAN_POINT('',(0.24,-0.32,8.46));
#1127 = DIRECTION('',(0.707106781187,-1.735167508357E-18,0.707106781187)
  );
#1128 = DIRECTION('',(1.226948711654E-18,1.,1.226948711654E-18));
#1129 = ADVANCED_FACE('',(#1130),#1148,.T.);
#1130 = FACE_BOUND('',#1131,.F.);
#1131 = EDGE_LOOP('',(#1132,#1140,#1141,#1142));
#1132 = ORIENTED_EDGE('',*,*,#1133,.F.);
#1133 = EDGE_CURVE('',#944,#1134,#1136,.T.);
#1134 = VERTEX_POINT('',#1135);
#1135 = CARTESIAN_POINT('',(-0.16,0.16,8.54));
#1136 = LINE('',#1137,#1138);
#1137 = CARTESIAN_POINT('',(-0.16,0.16,8.54));
#1138 = VECTOR('',#1139,1.);
#1139 = DIRECTION('',(0.57735026919,-0.57735026919,0.57735026919));
#1140 = ORIENTED_EDGE('',*,*,#951,.T.);
#1141 = ORIENTED_EDGE('',*,*,#1111,.T.);
#1142 = ORIENTED_EDGE('',*,*,#1143,.F.);
#1143 = EDGE_CURVE('',#1134,#1112,#1144,.T.);
#1144 = LINE('',#1145,#1146);
#1145 = CARTESIAN_POINT('',(-0.32,0.16,8.54));
#1146 = VECTOR('',#1147,1.);
#1147 = DIRECTION('',(1.,0.,0.));
#1148 = PLANE('',#1149);
#1149 = AXIS2_PLACEMENT_3D('',#1150,#1151,#1152);
#1150 = CARTESIAN_POINT('',(-0.32,0.24,8.46));
#1151 = DIRECTION('',(1.735167508357E-18,0.707106781187,0.707106781187)
  );
#1152 = DIRECTION('',(-1.,1.226948711654E-18,1.226948711654E-18));
#1153 = ADVANCED_FACE('',(#1154),#1165,.F.);
#1154 = FACE_BOUND('',#1155,.F.);
#1155 = EDGE_LOOP('',(#1156,#1157,#1158,#1159));
#1156 = ORIENTED_EDGE('',*,*,#1078,.F.);
#1157 = ORIENTED_EDGE('',*,*,#968,.T.);
#1158 = ORIENTED_EDGE('',*,*,#1133,.T.);
#1159 = ORIENTED_EDGE('',*,*,#1160,.F.);
#1160 = EDGE_CURVE('',#1079,#1134,#1161,.T.);
#1161 = LINE('',#1162,#1163);
#1162 = CARTESIAN_POINT('',(-0.16,-0.32,8.54));
#1163 = VECTOR('',#1164,1.);
#1164 = DIRECTION('',(0.,1.,0.));
#1165 = PLANE('',#1166);
#1166 = AXIS2_PLACEMENT_3D('',#1167,#1168,#1169);
#1167 = CARTESIAN_POINT('',(-0.24,-0.32,8.46));
#1168 = DIRECTION('',(0.707106781187,1.735167508357E-18,-0.707106781187)
  );
#1169 = DIRECTION('',(-1.226948711654E-18,1.,1.226948711654E-18));
#1170 = ADVANCED_FACE('',(#1171),#1177,.F.);
#1171 = FACE_BOUND('',#1172,.F.);
#1172 = EDGE_LOOP('',(#1173,#1174,#1175,#1176));
#1173 = ORIENTED_EDGE('',*,*,#1047,.F.);
#1174 = ORIENTED_EDGE('',*,*,#1064,.F.);
#1175 = ORIENTED_EDGE('',*,*,#999,.T.);
#1176 = ORIENTED_EDGE('',*,*,#1023,.T.);
#1177 = PLANE('',#1178);
#1178 = AXIS2_PLACEMENT_3D('',#1179,#1180,#1181);
#1179 = CARTESIAN_POINT('',(-0.32,-0.32,-3.));
#1180 = DIRECTION('',(0.,0.,1.));
#1181 = DIRECTION('',(1.,0.,-0.));
#1182 = ADVANCED_FACE('',(#1183),#1189,.T.);
#1183 = FACE_BOUND('',#1184,.T.);
#1184 = EDGE_LOOP('',(#1185,#1186,#1187,#1188));
#1185 = ORIENTED_EDGE('',*,*,#1119,.T.);
#1186 = ORIENTED_EDGE('',*,*,#1143,.F.);
#1187 = ORIENTED_EDGE('',*,*,#1160,.F.);
#1188 = ORIENTED_EDGE('',*,*,#1095,.T.);
#1189 = PLANE('',#1190);
#1190 = AXIS2_PLACEMENT_3D('',#1191,#1192,#1193);
#1191 = CARTESIAN_POINT('',(-0.32,-0.32,8.54));
#1192 = DIRECTION('',(0.,0.,1.));
#1193 = DIRECTION('',(1.,0.,-0.));
#1194 = ( GEOMETRIC_REPRESENTATION_CONTEXT(3) 
GLOBAL_UNCERTAINTY_ASSIGNED_CONTEXT((#1198)) 
GLOBAL_UNIT_ASSIGNED_CONTEXT((#1195,#1196,#1197)) REPRESENTATION_CONTEXT
('Context #1','3D Context with UNIT and UNCERTAINTY') );
#1195 = ( LENGTH_UNIT() NAMED_UNIT(*) SI_UNIT(.MILLI.,.METRE.) );
#1196 = ( NAMED_UNIT(*) PLANE_ANGLE_UNIT() SI_UNIT($,.RADIAN.) );
#1197 = ( NAMED_UNIT(*) SI_UNIT($,.STERADIAN.) SOLID_ANGLE_UNIT() );
#1198 = UNCERTAINTY_MEASURE_WITH_UNIT(LENGTH_MEASURE(1.E-07),#1195,
  'distance_accuracy_value','confusion accuracy');
#1199 = CONTEXT_DEPENDENT_SHAPE_REPRESENTATION(#1200,#1202);
#1200 = ( REPRESENTATION_RELATIONSHIP('','',#435,#10) 
REPRESENTATION_RELATIONSHIP_WITH_TRANSFORMATION(#1201) 
SHAPE_REPRESENTATION_RELATIONSHIP() );
#1201 = ITEM_DEFINED_TRANSFORMATION('','',#11,#27);
#1202 = PRODUCT_DEFINITION_SHAPE('Placement','Placement of an item',
  #1203);
#1203 = NEXT_ASSEMBLY_USAGE_OCCURRENCE('4','J2','',#5,#430,$);
#1204 = PRODUCT_RELATED_PRODUCT_CATEGORY('part',$,(#432));
#1205 = CONTEXT_DEPENDENT_SHAPE_REPRESENTATION(#1206,#1208);
#1206 = ( REPRESENTATION_RELATIONSHIP('','',#435,#10) 
REPRESENTATION_RELATIONSHIP_WITH_TRANSFORMATION(#1207) 
SHAPE_REPRESENTATION_RELATIONSHIP() );
#1207 = ITEM_DEFINED_TRANSFORMATION('','',#11,#31);
#1208 = PRODUCT_DEFINITION_SHAPE('Placement','Placement of an item',
  #1209);
#1209 = NEXT_ASSEMBLY_USAGE_OCCURRENCE('5','J1','',#5,#430,$);
#1210 = SHAPE_DEFINITION_REPRESENTATION(#1211,#1217);
#1211 = PRODUCT_DEFINITION_SHAPE('','',#1212);
#1212 = PRODUCT_DEFINITION('design','',#1213,#1216);
#1213 = PRODUCT_DEFINITION_FORMATION('','',#1214);
#1214 = PRODUCT('D_SMA','D_SMA','',(#1215));
#1215 = PRODUCT_CONTEXT('',#2,'mechanical');
#1216 = PRODUCT_DEFINITION_CONTEXT('part definition',#2,'design');
#1217 = ADVANCED_BREP_SHAPE_REPRESENTATION('',(#11,#1218),#2426);
#1218 = MANIFOLD_SOLID_BREP('',#1219);
#1219 = CLOSED_SHELL('',(#1220,#1260,#1343,#1368,#1443,#1460,#1477,#1494
    ,#1511,#1528,#1544,#1591,#1626,#1665,#1694,#1733,#1762,#1816,#1859,
    #1882,#1905,#1928,#1979,#2002,#2019,#2093,#2117,#2184,#2196,#2208,
    #2225,#2254,#2277,#2300,#2317,#2339,#2351,#2368,#2385,#2402,#2414));
#1220 = ADVANCED_FACE('',(#1221),#1255,.T.);
#1221 = FACE_BOUND('',#1222,.T.);
#1222 = EDGE_LOOP('',(#1223,#1233,#1241,#1249));
#1223 = ORIENTED_EDGE('',*,*,#1224,.T.);
#1224 = EDGE_CURVE('',#1225,#1227,#1229,.T.);
#1225 = VERTEX_POINT('',#1226);
#1226 = CARTESIAN_POINT('',(1.14,0.75,0.));
#1227 = VERTEX_POINT('',#1228);
#1228 = CARTESIAN_POINT('',(2.353333333333,0.75,-2.775557561563E-17));
#1229 = LINE('',#1230,#1231);
#1230 = CARTESIAN_POINT('',(2.28,0.75,0.));
#1231 = VECTOR('',#1232,1.);
#1232 = DIRECTION('',(1.,-3.445092848398E-16,0.));
#1233 = ORIENTED_EDGE('',*,*,#1234,.T.);
#1234 = EDGE_CURVE('',#1227,#1235,#1237,.T.);
#1235 = VERTEX_POINT('',#1236);
#1236 = CARTESIAN_POINT('',(2.353333333333,-0.75,-2.775557561563E-17));
#1237 = LINE('',#1238,#1239);
#1238 = CARTESIAN_POINT('',(2.353333333333,0.75,-2.775557561563E-17));
#1239 = VECTOR('',#1240,1.);
#1240 = DIRECTION('',(-3.445092848398E-16,-1.,0.));
#1241 = ORIENTED_EDGE('',*,*,#1242,.T.);
#1242 = EDGE_CURVE('',#1235,#1243,#1245,.T.);
#1243 = VERTEX_POINT('',#1244);
#1244 = CARTESIAN_POINT('',(1.14,-0.75,0.));
#1245 = LINE('',#1246,#1247);
#1246 = CARTESIAN_POINT('',(2.28,-0.75,0.));
#1247 = VECTOR('',#1248,1.);
#1248 = DIRECTION('',(-1.,3.445092848398E-16,0.));
#1249 = ORIENTED_EDGE('',*,*,#1250,.T.);
#1250 = EDGE_CURVE('',#1243,#1225,#1251,.T.);
#1251 = LINE('',#1252,#1253);
#1252 = CARTESIAN_POINT('',(1.14,-0.75,0.));
#1253 = VECTOR('',#1254,1.);
#1254 = DIRECTION('',(3.445092848398E-16,1.,0.));
#1255 = PLANE('',#1256);
#1256 = AXIS2_PLACEMENT_3D('',#1257,#1258,#1259);
#1257 = CARTESIAN_POINT('',(1.746666666667,-5.821951347626E-16,
    -7.671995716851E-18));
#1258 = DIRECTION('',(-1.332277103521E-17,5.237186372803E-33,-1.));
#1259 = DIRECTION('',(1.,-2.22044604925E-16,-1.332277103521E-17));
#1260 = ADVANCED_FACE('',(#1261),#1338,.T.);
#1261 = FACE_BOUND('',#1262,.T.);
#1262 = EDGE_LOOP('',(#1263,#1273,#1280,#1281,#1289,#1297,#1307,#1315,
    #1323,#1331));
#1263 = ORIENTED_EDGE('',*,*,#1264,.F.);
#1264 = EDGE_CURVE('',#1265,#1267,#1269,.T.);
#1265 = VERTEX_POINT('',#1266);
#1266 = CARTESIAN_POINT('',(2.5,0.75,0.146666666667));
#1267 = VERTEX_POINT('',#1268);
#1268 = CARTESIAN_POINT('',(2.5,0.75,0.842343333333));
#1269 = LINE('',#1270,#1271);
#1270 = CARTESIAN_POINT('',(2.5,0.75,0.));
#1271 = VECTOR('',#1272,1.);
#1272 = DIRECTION('',(0.,0.,1.));
#1273 = ORIENTED_EDGE('',*,*,#1274,.T.);
#1274 = EDGE_CURVE('',#1265,#1227,#1275,.T.);
#1275 = CIRCLE('',#1276,0.146666666667);
#1276 = AXIS2_PLACEMENT_3D('',#1277,#1278,#1279);
#1277 = CARTESIAN_POINT('',(2.353333333333,0.75,0.146666666667));
#1278 = DIRECTION('',(3.445092848398E-16,1.,-0.));
#1279 = DIRECTION('',(0.,0.,1.));
#1280 = ORIENTED_EDGE('',*,*,#1224,.F.);
#1281 = ORIENTED_EDGE('',*,*,#1282,.T.);
#1282 = EDGE_CURVE('',#1225,#1283,#1285,.T.);
#1283 = VERTEX_POINT('',#1284);
#1284 = CARTESIAN_POINT('',(1.14,0.75,0.22));
#1285 = LINE('',#1286,#1287);
#1286 = CARTESIAN_POINT('',(1.14,0.75,0.));
#1287 = VECTOR('',#1288,1.);
#1288 = DIRECTION('',(0.,0.,1.));
#1289 = ORIENTED_EDGE('',*,*,#1290,.F.);
#1290 = EDGE_CURVE('',#1291,#1283,#1293,.T.);
#1291 = VERTEX_POINT('',#1292);
#1292 = CARTESIAN_POINT('',(2.225259344883,0.75,0.22));
#1293 = LINE('',#1294,#1295);
#1294 = CARTESIAN_POINT('',(2.108163247245,0.75,0.22));
#1295 = VECTOR('',#1296,1.);
#1296 = DIRECTION('',(-1.,4.514825988711E-16,0.));
#1297 = ORIENTED_EDGE('',*,*,#1298,.T.);
#1298 = EDGE_CURVE('',#1291,#1299,#1301,.T.);
#1299 = VERTEX_POINT('',#1300);
#1300 = CARTESIAN_POINT('',(2.225413939802,0.75,0.2222));
#1301 = B_SPLINE_CURVE_WITH_KNOTS('',4,(#1302,#1303,#1304,#1305,#1306),
  .UNSPECIFIED.,.F.,.F.,(5,5),(0.,1.),.PIECEWISE_BEZIER_KNOTS.);
#1302 = CARTESIAN_POINT('',(2.225259344883,0.75,0.22));
#1303 = CARTESIAN_POINT('',(2.238768685756,0.75,0.412247910026));
#1304 = CARTESIAN_POINT('',(2.25227825666,0.75,0.604499093572));
#1305 = CARTESIAN_POINT('',(2.265788033788,0.75,0.796753211837));
#1306 = CARTESIAN_POINT('',(2.279297998531,0.75,0.98901));
#1307 = ORIENTED_EDGE('',*,*,#1308,.T.);
#1308 = EDGE_CURVE('',#1299,#1309,#1311,.T.);
#1309 = VERTEX_POINT('',#1310);
#1310 = CARTESIAN_POINT('',(2.28,0.75,0.2222));
#1311 = LINE('',#1312,#1313);
#1312 = CARTESIAN_POINT('',(1.14,0.75,0.2222));
#1313 = VECTOR('',#1314,1.);
#1314 = DIRECTION('',(1.,-3.445092848398E-16,0.));
#1315 = ORIENTED_EDGE('',*,*,#1316,.T.);
#1316 = EDGE_CURVE('',#1309,#1317,#1319,.T.);
#1317 = VERTEX_POINT('',#1318);
#1318 = CARTESIAN_POINT('',(2.28,0.75,0.98901));
#1319 = LINE('',#1320,#1321);
#1320 = CARTESIAN_POINT('',(2.28,0.75,0.));
#1321 = VECTOR('',#1322,1.);
#1322 = DIRECTION('',(0.,0.,1.));
#1323 = ORIENTED_EDGE('',*,*,#1324,.T.);
#1324 = EDGE_CURVE('',#1317,#1325,#1327,.T.);
#1325 = VERTEX_POINT('',#1326);
#1326 = CARTESIAN_POINT('',(2.353333333333,0.75,0.98901));
#1327 = LINE('',#1328,#1329);
#1328 = CARTESIAN_POINT('',(2.28,0.75,0.98901));
#1329 = VECTOR('',#1330,1.);
#1330 = DIRECTION('',(1.,-3.445092848398E-16,0.));
#1331 = ORIENTED_EDGE('',*,*,#1332,.F.);
#1332 = EDGE_CURVE('',#1267,#1325,#1333,.T.);
#1333 = CIRCLE('',#1334,0.146666666667);
#1334 = AXIS2_PLACEMENT_3D('',#1335,#1336,#1337);
#1335 = CARTESIAN_POINT('',(2.353333333333,0.75,0.842343333333));
#1336 = DIRECTION('',(-3.445092848398E-16,-1.,0.));
#1337 = DIRECTION('',(0.,0.,1.));
#1338 = PLANE('',#1339);
#1339 = AXIS2_PLACEMENT_3D('',#1340,#1341,#1342);
#1340 = CARTESIAN_POINT('',(1.991067149606,0.75,0.303091083877));
#1341 = DIRECTION('',(4.514825988711E-16,1.,5.822139933717E-17));
#1342 = DIRECTION('',(-1.,4.514825988711E-16,0.));
#1343 = ADVANCED_FACE('',(#1344),#1363,.T.);
#1344 = FACE_BOUND('',#1345,.T.);
#1345 = EDGE_LOOP('',(#1346,#1354,#1361,#1362));
#1346 = ORIENTED_EDGE('',*,*,#1347,.T.);
#1347 = EDGE_CURVE('',#1265,#1348,#1350,.T.);
#1348 = VERTEX_POINT('',#1349);
#1349 = CARTESIAN_POINT('',(2.5,-0.75,0.146666666667));
#1350 = LINE('',#1351,#1352);
#1351 = CARTESIAN_POINT('',(2.5,0.75,0.146666666667));
#1352 = VECTOR('',#1353,1.);
#1353 = DIRECTION('',(-3.445092848398E-16,-1.,0.));
#1354 = ORIENTED_EDGE('',*,*,#1355,.T.);
#1355 = EDGE_CURVE('',#1348,#1235,#1356,.T.);
#1356 = CIRCLE('',#1357,0.146666666667);
#1357 = AXIS2_PLACEMENT_3D('',#1358,#1359,#1360);
#1358 = CARTESIAN_POINT('',(2.353333333333,-0.75,0.146666666667));
#1359 = DIRECTION('',(3.445092848398E-16,1.,-0.));
#1360 = DIRECTION('',(0.,0.,1.));
#1361 = ORIENTED_EDGE('',*,*,#1234,.F.);
#1362 = ORIENTED_EDGE('',*,*,#1274,.F.);
#1363 = CYLINDRICAL_SURFACE('',#1364,0.146666666667);
#1364 = AXIS2_PLACEMENT_3D('',#1365,#1366,#1367);
#1365 = CARTESIAN_POINT('',(2.353333333333,0.75,0.146666666667));
#1366 = DIRECTION('',(-3.445092848398E-16,-1.,0.));
#1367 = DIRECTION('',(1.,-3.445092848398E-16,0.));
#1368 = ADVANCED_FACE('',(#1369),#1438,.T.);
#1369 = FACE_BOUND('',#1370,.T.);
#1370 = EDGE_LOOP('',(#1371,#1372,#1380,#1389,#1397,#1405,#1413,#1423,
    #1431,#1437));
#1371 = ORIENTED_EDGE('',*,*,#1355,.F.);
#1372 = ORIENTED_EDGE('',*,*,#1373,.T.);
#1373 = EDGE_CURVE('',#1348,#1374,#1376,.T.);
#1374 = VERTEX_POINT('',#1375);
#1375 = CARTESIAN_POINT('',(2.5,-0.75,0.842343333333));
#1376 = LINE('',#1377,#1378);
#1377 = CARTESIAN_POINT('',(2.5,-0.75,0.));
#1378 = VECTOR('',#1379,1.);
#1379 = DIRECTION('',(0.,0.,1.));
#1380 = ORIENTED_EDGE('',*,*,#1381,.T.);
#1381 = EDGE_CURVE('',#1374,#1382,#1384,.T.);
#1382 = VERTEX_POINT('',#1383);
#1383 = CARTESIAN_POINT('',(2.353333333333,-0.75,0.98901));
#1384 = CIRCLE('',#1385,0.146666666667);
#1385 = AXIS2_PLACEMENT_3D('',#1386,#1387,#1388);
#1386 = CARTESIAN_POINT('',(2.353333333333,-0.75,0.842343333333));
#1387 = DIRECTION('',(-3.445092848398E-16,-1.,0.));
#1388 = DIRECTION('',(0.,0.,1.));
#1389 = ORIENTED_EDGE('',*,*,#1390,.T.);
#1390 = EDGE_CURVE('',#1382,#1391,#1393,.T.);
#1391 = VERTEX_POINT('',#1392);
#1392 = CARTESIAN_POINT('',(2.28,-0.75,0.98901));
#1393 = LINE('',#1394,#1395);
#1394 = CARTESIAN_POINT('',(2.5,-0.75,0.98901));
#1395 = VECTOR('',#1396,1.);
#1396 = DIRECTION('',(-1.,3.445092848398E-16,0.));
#1397 = ORIENTED_EDGE('',*,*,#1398,.F.);
#1398 = EDGE_CURVE('',#1399,#1391,#1401,.T.);
#1399 = VERTEX_POINT('',#1400);
#1400 = CARTESIAN_POINT('',(2.28,-0.75,0.2222));
#1401 = LINE('',#1402,#1403);
#1402 = CARTESIAN_POINT('',(2.28,-0.75,0.));
#1403 = VECTOR('',#1404,1.);
#1404 = DIRECTION('',(0.,0.,1.));
#1405 = ORIENTED_EDGE('',*,*,#1406,.T.);
#1406 = EDGE_CURVE('',#1399,#1407,#1409,.T.);
#1407 = VERTEX_POINT('',#1408);
#1408 = CARTESIAN_POINT('',(2.225413939802,-0.75,0.2222));
#1409 = LINE('',#1410,#1411);
#1410 = CARTESIAN_POINT('',(2.28,-0.75,0.2222));
#1411 = VECTOR('',#1412,1.);
#1412 = DIRECTION('',(-1.,3.445092848398E-16,0.));
#1413 = ORIENTED_EDGE('',*,*,#1414,.F.);
#1414 = EDGE_CURVE('',#1415,#1407,#1417,.T.);
#1415 = VERTEX_POINT('',#1416);
#1416 = CARTESIAN_POINT('',(2.225259344883,-0.75,0.22));
#1417 = B_SPLINE_CURVE_WITH_KNOTS('',4,(#1418,#1419,#1420,#1421,#1422),
  .UNSPECIFIED.,.F.,.F.,(5,5),(0.,1.),.PIECEWISE_BEZIER_KNOTS.);
#1418 = CARTESIAN_POINT('',(2.225259344883,-0.75,0.22));
#1419 = CARTESIAN_POINT('',(2.238768685756,-0.75,0.412247910026));
#1420 = CARTESIAN_POINT('',(2.25227825666,-0.75,0.604499093572));
#1421 = CARTESIAN_POINT('',(2.265788033788,-0.75,0.796753211837));
#1422 = CARTESIAN_POINT('',(2.279297998531,-0.75,0.98901));
#1423 = ORIENTED_EDGE('',*,*,#1424,.F.);
#1424 = EDGE_CURVE('',#1425,#1415,#1427,.T.);
#1425 = VERTEX_POINT('',#1426);
#1426 = CARTESIAN_POINT('',(1.14,-0.75,0.22));
#1427 = LINE('',#1428,#1429);
#1428 = CARTESIAN_POINT('',(2.108163247245,-0.75,0.22));
#1429 = VECTOR('',#1430,1.);
#1430 = DIRECTION('',(1.,-2.844998265321E-16,-0.));
#1431 = ORIENTED_EDGE('',*,*,#1432,.F.);
#1432 = EDGE_CURVE('',#1243,#1425,#1433,.T.);
#1433 = LINE('',#1434,#1435);
#1434 = CARTESIAN_POINT('',(1.14,-0.75,0.));
#1435 = VECTOR('',#1436,1.);
#1436 = DIRECTION('',(0.,0.,1.));
#1437 = ORIENTED_EDGE('',*,*,#1242,.F.);
#1438 = PLANE('',#1439);
#1439 = AXIS2_PLACEMENT_3D('',#1440,#1441,#1442);
#1440 = CARTESIAN_POINT('',(1.991067149606,-0.75,0.303091083877));
#1441 = DIRECTION('',(-2.844998265321E-16,-1.,-7.396066644327E-17));
#1442 = DIRECTION('',(1.642256696039E-32,7.396066644327E-17,-1.));
#1443 = ADVANCED_FACE('',(#1444),#1455,.T.);
#1444 = FACE_BOUND('',#1445,.T.);
#1445 = EDGE_LOOP('',(#1446,#1447,#1448,#1454));
#1446 = ORIENTED_EDGE('',*,*,#1250,.F.);
#1447 = ORIENTED_EDGE('',*,*,#1432,.T.);
#1448 = ORIENTED_EDGE('',*,*,#1449,.F.);
#1449 = EDGE_CURVE('',#1283,#1425,#1450,.T.);
#1450 = LINE('',#1451,#1452);
#1451 = CARTESIAN_POINT('',(1.14,-1.022629672442,0.22));
#1452 = VECTOR('',#1453,1.);
#1453 = DIRECTION('',(-3.445092848398E-16,-1.,0.));
#1454 = ORIENTED_EDGE('',*,*,#1282,.F.);
#1455 = PLANE('',#1456);
#1456 = AXIS2_PLACEMENT_3D('',#1457,#1458,#1459);
#1457 = CARTESIAN_POINT('',(1.14,-0.75,0.));
#1458 = DIRECTION('',(-1.,3.445092848398E-16,0.));
#1459 = DIRECTION('',(3.445092848398E-16,1.,0.));
#1460 = ADVANCED_FACE('',(#1461),#1472,.T.);
#1461 = FACE_BOUND('',#1462,.T.);
#1462 = EDGE_LOOP('',(#1463,#1464,#1470,#1471));
#1463 = ORIENTED_EDGE('',*,*,#1264,.T.);
#1464 = ORIENTED_EDGE('',*,*,#1465,.T.);
#1465 = EDGE_CURVE('',#1267,#1374,#1466,.T.);
#1466 = LINE('',#1467,#1468);
#1467 = CARTESIAN_POINT('',(2.5,0.75,0.842343333333));
#1468 = VECTOR('',#1469,1.);
#1469 = DIRECTION('',(-3.445092848398E-16,-1.,0.));
#1470 = ORIENTED_EDGE('',*,*,#1373,.F.);
#1471 = ORIENTED_EDGE('',*,*,#1347,.F.);
#1472 = PLANE('',#1473);
#1473 = AXIS2_PLACEMENT_3D('',#1474,#1475,#1476);
#1474 = CARTESIAN_POINT('',(2.5,0.75,0.));
#1475 = DIRECTION('',(1.,-3.445092848398E-16,0.));
#1476 = DIRECTION('',(-3.445092848398E-16,-1.,0.));
#1477 = ADVANCED_FACE('',(#1478),#1489,.T.);
#1478 = FACE_BOUND('',#1479,.T.);
#1479 = EDGE_LOOP('',(#1480,#1481,#1487,#1488));
#1480 = ORIENTED_EDGE('',*,*,#1332,.T.);
#1481 = ORIENTED_EDGE('',*,*,#1482,.T.);
#1482 = EDGE_CURVE('',#1325,#1382,#1483,.T.);
#1483 = LINE('',#1484,#1485);
#1484 = CARTESIAN_POINT('',(2.353333333333,0.75,0.98901));
#1485 = VECTOR('',#1486,1.);
#1486 = DIRECTION('',(-3.445092848398E-16,-1.,0.));
#1487 = ORIENTED_EDGE('',*,*,#1381,.F.);
#1488 = ORIENTED_EDGE('',*,*,#1465,.F.);
#1489 = CYLINDRICAL_SURFACE('',#1490,0.146666666667);
#1490 = AXIS2_PLACEMENT_3D('',#1491,#1492,#1493);
#1491 = CARTESIAN_POINT('',(2.353333333333,0.75,0.842343333333));
#1492 = DIRECTION('',(-3.445092848398E-16,-1.,0.));
#1493 = DIRECTION('',(1.,-3.445092848398E-16,0.));
#1494 = ADVANCED_FACE('',(#1495),#1506,.F.);
#1495 = FACE_BOUND('',#1496,.F.);
#1496 = EDGE_LOOP('',(#1497,#1498,#1499,#1500));
#1497 = ORIENTED_EDGE('',*,*,#1324,.T.);
#1498 = ORIENTED_EDGE('',*,*,#1482,.T.);
#1499 = ORIENTED_EDGE('',*,*,#1390,.T.);
#1500 = ORIENTED_EDGE('',*,*,#1501,.T.);
#1501 = EDGE_CURVE('',#1391,#1317,#1502,.T.);
#1502 = LINE('',#1503,#1504);
#1503 = CARTESIAN_POINT('',(2.28,-0.75,0.98901));
#1504 = VECTOR('',#1505,1.);
#1505 = DIRECTION('',(3.445092848398E-16,1.,0.));
#1506 = PLANE('',#1507);
#1507 = AXIS2_PLACEMENT_3D('',#1508,#1509,#1510);
#1508 = CARTESIAN_POINT('',(2.39,-6.661338147751E-16,0.98901));
#1509 = DIRECTION('',(0.,0.,-1.));
#1510 = DIRECTION('',(3.445092848398E-16,1.,0.));
#1511 = ADVANCED_FACE('',(#1512),#1523,.T.);
#1512 = FACE_BOUND('',#1513,.T.);
#1513 = EDGE_LOOP('',(#1514,#1520,#1521,#1522));
#1514 = ORIENTED_EDGE('',*,*,#1515,.T.);
#1515 = EDGE_CURVE('',#1309,#1399,#1516,.T.);
#1516 = LINE('',#1517,#1518);
#1517 = CARTESIAN_POINT('',(2.28,0.75,0.2222));
#1518 = VECTOR('',#1519,1.);
#1519 = DIRECTION('',(-3.445092848398E-16,-1.,0.));
#1520 = ORIENTED_EDGE('',*,*,#1398,.T.);
#1521 = ORIENTED_EDGE('',*,*,#1501,.T.);
#1522 = ORIENTED_EDGE('',*,*,#1316,.F.);
#1523 = PLANE('',#1524);
#1524 = AXIS2_PLACEMENT_3D('',#1525,#1526,#1527);
#1525 = CARTESIAN_POINT('',(2.28,-0.75,0.));
#1526 = DIRECTION('',(-1.,3.445092848398E-16,0.));
#1527 = DIRECTION('',(3.445092848398E-16,1.,0.));
#1528 = ADVANCED_FACE('',(#1529),#1539,.F.);
#1529 = FACE_BOUND('',#1530,.F.);
#1530 = EDGE_LOOP('',(#1531,#1536,#1537,#1538));
#1531 = ORIENTED_EDGE('',*,*,#1532,.F.);
#1532 = EDGE_CURVE('',#1299,#1407,#1533,.T.);
#1533 = B_SPLINE_CURVE_WITH_KNOTS('',1,(#1534,#1535),.UNSPECIFIED.,.F.,
  .F.,(2,2),(0.,1.),.PIECEWISE_BEZIER_KNOTS.);
#1534 = CARTESIAN_POINT('',(2.225413939802,0.75,0.2222));
#1535 = CARTESIAN_POINT('',(2.225413939802,-0.75,0.2222));
#1536 = ORIENTED_EDGE('',*,*,#1308,.T.);
#1537 = ORIENTED_EDGE('',*,*,#1515,.T.);
#1538 = ORIENTED_EDGE('',*,*,#1406,.T.);
#1539 = PLANE('',#1540);
#1540 = AXIS2_PLACEMENT_3D('',#1541,#1542,#1543);
#1541 = CARTESIAN_POINT('',(1.71,-5.551115123126E-16,0.2222));
#1542 = DIRECTION('',(0.,0.,-1.));
#1543 = DIRECTION('',(3.445092848398E-16,1.,0.));
#1544 = ADVANCED_FACE('',(#1545),#1586,.T.);
#1545 = FACE_BOUND('',#1546,.T.);
#1546 = EDGE_LOOP('',(#1547,#1556,#1562,#1563,#1564,#1565,#1573,#1580));
#1547 = ORIENTED_EDGE('',*,*,#1548,.F.);
#1548 = EDGE_CURVE('',#1549,#1551,#1553,.T.);
#1549 = VERTEX_POINT('',#1550);
#1550 = CARTESIAN_POINT('',(2.225259344883,-1.295259344883,0.22));
#1551 = VERTEX_POINT('',#1552);
#1552 = CARTESIAN_POINT('',(2.28,-1.35,0.999));
#1553 = B_SPLINE_CURVE_WITH_KNOTS('',1,(#1554,#1555),.UNSPECIFIED.,.F.,
  .F.,(2,2),(0.,1.),.PIECEWISE_BEZIER_KNOTS.);
#1554 = CARTESIAN_POINT('',(2.225259344883,-1.295259344883,0.22));
#1555 = CARTESIAN_POINT('',(2.28,-1.35,0.999));
#1556 = ORIENTED_EDGE('',*,*,#1557,.T.);
#1557 = EDGE_CURVE('',#1549,#1415,#1558,.T.);
#1558 = LINE('',#1559,#1560);
#1559 = CARTESIAN_POINT('',(2.225259344883,-1.295259344883,0.22));
#1560 = VECTOR('',#1561,1.);
#1561 = DIRECTION('',(2.22044604925E-16,1.,0.));
#1562 = ORIENTED_EDGE('',*,*,#1414,.T.);
#1563 = ORIENTED_EDGE('',*,*,#1532,.F.);
#1564 = ORIENTED_EDGE('',*,*,#1298,.F.);
#1565 = ORIENTED_EDGE('',*,*,#1566,.T.);
#1566 = EDGE_CURVE('',#1291,#1567,#1569,.T.);
#1567 = VERTEX_POINT('',#1568);
#1568 = CARTESIAN_POINT('',(2.225259344883,1.295259344883,0.22));
#1569 = LINE('',#1570,#1571);
#1570 = CARTESIAN_POINT('',(2.225259344883,-1.295259344883,0.22));
#1571 = VECTOR('',#1572,1.);
#1572 = DIRECTION('',(2.22044604925E-16,1.,0.));
#1573 = ORIENTED_EDGE('',*,*,#1574,.T.);
#1574 = EDGE_CURVE('',#1567,#1575,#1577,.T.);
#1575 = VERTEX_POINT('',#1576);
#1576 = CARTESIAN_POINT('',(2.28,1.35,0.999));
#1577 = B_SPLINE_CURVE_WITH_KNOTS('',1,(#1578,#1579),.UNSPECIFIED.,.F.,
  .F.,(2,2),(0.,1.),.PIECEWISE_BEZIER_KNOTS.);
#1578 = CARTESIAN_POINT('',(2.225259344883,1.295259344883,0.22));
#1579 = CARTESIAN_POINT('',(2.28,1.35,0.999));
#1580 = ORIENTED_EDGE('',*,*,#1581,.F.);
#1581 = EDGE_CURVE('',#1551,#1575,#1582,.T.);
#1582 = LINE('',#1583,#1584);
#1583 = CARTESIAN_POINT('',(2.28,-1.35,0.999));
#1584 = VECTOR('',#1585,1.);
#1585 = DIRECTION('',(2.22044604925E-16,1.,0.));
#1586 = B_SPLINE_SURFACE_WITH_KNOTS('',1,1,(
    (#1587,#1588)
    ,(#1589,#1590
    )),.UNSPECIFIED.,.F.,.F.,.F.,(2,2),(2,2),(0.,2.7),(0.,1.),
  .PIECEWISE_BEZIER_KNOTS.);
#1587 = CARTESIAN_POINT('',(2.225259344883,-1.295259344883,0.22));
#1588 = CARTESIAN_POINT('',(2.28,-1.35,0.999));
#1589 = CARTESIAN_POINT('',(2.225259344883,1.295259344883,0.22));
#1590 = CARTESIAN_POINT('',(2.28,1.35,0.999));
#1591 = ADVANCED_FACE('',(#1592),#1621,.T.);
#1592 = FACE_BOUND('',#1593,.T.);
#1593 = EDGE_LOOP('',(#1594,#1595,#1603,#1611,#1617,#1618,#1619,#1620));
#1594 = ORIENTED_EDGE('',*,*,#1557,.F.);
#1595 = ORIENTED_EDGE('',*,*,#1596,.F.);
#1596 = EDGE_CURVE('',#1597,#1549,#1599,.T.);
#1597 = VERTEX_POINT('',#1598);
#1598 = CARTESIAN_POINT('',(1.1,-1.295259344883,0.22));
#1599 = LINE('',#1600,#1601);
#1600 = CARTESIAN_POINT('',(-2.225259344883,-1.295259344883,0.22));
#1601 = VECTOR('',#1602,1.);
#1602 = DIRECTION('',(1.,-2.22044604925E-16,0.));
#1603 = ORIENTED_EDGE('',*,*,#1604,.T.);
#1604 = EDGE_CURVE('',#1597,#1605,#1607,.T.);
#1605 = VERTEX_POINT('',#1606);
#1606 = CARTESIAN_POINT('',(1.1,1.295259344883,0.22));
#1607 = LINE('',#1608,#1609);
#1608 = CARTESIAN_POINT('',(1.1,-1.295259344883,0.22));
#1609 = VECTOR('',#1610,1.);
#1610 = DIRECTION('',(2.22044604925E-16,1.,0.));
#1611 = ORIENTED_EDGE('',*,*,#1612,.F.);
#1612 = EDGE_CURVE('',#1567,#1605,#1613,.T.);
#1613 = LINE('',#1614,#1615);
#1614 = CARTESIAN_POINT('',(2.225259344883,1.295259344883,0.22));
#1615 = VECTOR('',#1616,1.);
#1616 = DIRECTION('',(-1.,2.22044604925E-16,0.));
#1617 = ORIENTED_EDGE('',*,*,#1566,.F.);
#1618 = ORIENTED_EDGE('',*,*,#1290,.T.);
#1619 = ORIENTED_EDGE('',*,*,#1449,.T.);
#1620 = ORIENTED_EDGE('',*,*,#1424,.T.);
#1621 = PLANE('',#1622);
#1622 = AXIS2_PLACEMENT_3D('',#1623,#1624,#1625);
#1623 = CARTESIAN_POINT('',(2.225259344883,-1.295259344883,0.22));
#1624 = DIRECTION('',(0.,0.,-1.));
#1625 = DIRECTION('',(-0.864253276514,0.503056929218,0.));
#1626 = ADVANCED_FACE('',(#1627),#1660,.T.);
#1627 = FACE_BOUND('',#1628,.T.);
#1628 = EDGE_LOOP('',(#1629,#1639,#1645,#1646,#1647,#1655));
#1629 = ORIENTED_EDGE('',*,*,#1630,.T.);
#1630 = EDGE_CURVE('',#1631,#1633,#1635,.T.);
#1631 = VERTEX_POINT('',#1632);
#1632 = CARTESIAN_POINT('',(-2.225259344883,-1.295259344883,0.22));
#1633 = VERTEX_POINT('',#1634);
#1634 = CARTESIAN_POINT('',(-1.1,-1.295259344883,0.22));
#1635 = LINE('',#1636,#1637);
#1636 = CARTESIAN_POINT('',(-2.225259344883,-1.295259344883,0.22));
#1637 = VECTOR('',#1638,1.);
#1638 = DIRECTION('',(1.,-2.22044604925E-16,0.));
#1639 = ORIENTED_EDGE('',*,*,#1640,.T.);
#1640 = EDGE_CURVE('',#1633,#1597,#1641,.T.);
#1641 = LINE('',#1642,#1643);
#1642 = CARTESIAN_POINT('',(-1.1,-1.295259344883,0.22));
#1643 = VECTOR('',#1644,1.);
#1644 = DIRECTION('',(1.,-2.22044604925E-16,0.));
#1645 = ORIENTED_EDGE('',*,*,#1596,.T.);
#1646 = ORIENTED_EDGE('',*,*,#1548,.T.);
#1647 = ORIENTED_EDGE('',*,*,#1648,.F.);
#1648 = EDGE_CURVE('',#1649,#1551,#1651,.T.);
#1649 = VERTEX_POINT('',#1650);
#1650 = CARTESIAN_POINT('',(-2.28,-1.35,0.999));
#1651 = LINE('',#1652,#1653);
#1652 = CARTESIAN_POINT('',(-2.28,-1.35,0.999));
#1653 = VECTOR('',#1654,1.);
#1654 = DIRECTION('',(1.,-2.22044604925E-16,0.));
#1655 = ORIENTED_EDGE('',*,*,#1656,.F.);
#1656 = EDGE_CURVE('',#1631,#1649,#1657,.T.);
#1657 = B_SPLINE_CURVE_WITH_KNOTS('',1,(#1658,#1659),.UNSPECIFIED.,.F.,
  .F.,(2,2),(0.,1.),.PIECEWISE_BEZIER_KNOTS.);
#1658 = CARTESIAN_POINT('',(-2.225259344883,-1.295259344883,0.22));
#1659 = CARTESIAN_POINT('',(-2.28,-1.35,0.999));
#1660 = B_SPLINE_SURFACE_WITH_KNOTS('',1,1,(
    (#1661,#1662)
    ,(#1663,#1664
    )),.UNSPECIFIED.,.F.,.F.,.F.,(2,2),(2,2),(0.,4.56),(0.,1.),
  .PIECEWISE_BEZIER_KNOTS.);
#1661 = CARTESIAN_POINT('',(-2.225259344883,-1.295259344883,0.22));
#1662 = CARTESIAN_POINT('',(-2.28,-1.35,0.999));
#1663 = CARTESIAN_POINT('',(2.225259344883,-1.295259344883,0.22));
#1664 = CARTESIAN_POINT('',(2.28,-1.35,0.999));
#1665 = ADVANCED_FACE('',(#1666),#1689,.T.);
#1666 = FACE_BOUND('',#1667,.T.);
#1667 = EDGE_LOOP('',(#1668,#1669,#1676,#1684));
#1668 = ORIENTED_EDGE('',*,*,#1581,.T.);
#1669 = ORIENTED_EDGE('',*,*,#1670,.T.);
#1670 = EDGE_CURVE('',#1575,#1671,#1673,.T.);
#1671 = VERTEX_POINT('',#1672);
#1672 = CARTESIAN_POINT('',(2.194199820414,1.264199820414,2.22));
#1673 = B_SPLINE_CURVE_WITH_KNOTS('',1,(#1674,#1675),.UNSPECIFIED.,.F.,
  .F.,(2,2),(0.,1.),.PIECEWISE_BEZIER_KNOTS.);
#1674 = CARTESIAN_POINT('',(2.28,1.35,0.999));
#1675 = CARTESIAN_POINT('',(2.194199820414,1.264199820414,2.22));
#1676 = ORIENTED_EDGE('',*,*,#1677,.F.);
#1677 = EDGE_CURVE('',#1678,#1671,#1680,.T.);
#1678 = VERTEX_POINT('',#1679);
#1679 = CARTESIAN_POINT('',(2.194199820414,-1.264199820414,2.22));
#1680 = LINE('',#1681,#1682);
#1681 = CARTESIAN_POINT('',(2.194199820414,-1.264199820414,2.22));
#1682 = VECTOR('',#1683,1.);
#1683 = DIRECTION('',(2.22044604925E-16,1.,0.));
#1684 = ORIENTED_EDGE('',*,*,#1685,.F.);
#1685 = EDGE_CURVE('',#1551,#1678,#1686,.T.);
#1686 = B_SPLINE_CURVE_WITH_KNOTS('',1,(#1687,#1688),.UNSPECIFIED.,.F.,
  .F.,(2,2),(0.,1.),.PIECEWISE_BEZIER_KNOTS.);
#1687 = CARTESIAN_POINT('',(2.28,-1.35,0.999));
#1688 = CARTESIAN_POINT('',(2.194199820414,-1.264199820414,2.22));
#1689 = B_SPLINE_SURFACE_WITH_KNOTS('',1,1,(
    (#1690,#1691)
    ,(#1692,#1693
    )),.UNSPECIFIED.,.F.,.F.,.F.,(2,2),(2,2),(0.,2.7),(0.,1.),
  .PIECEWISE_BEZIER_KNOTS.);
#1690 = CARTESIAN_POINT('',(2.28,-1.35,0.999));
#1691 = CARTESIAN_POINT('',(2.194199820414,-1.264199820414,2.22));
#1692 = CARTESIAN_POINT('',(2.28,1.35,0.999));
#1693 = CARTESIAN_POINT('',(2.194199820414,1.264199820414,2.22));
#1694 = ADVANCED_FACE('',(#1695),#1728,.T.);
#1695 = FACE_BOUND('',#1696,.T.);
#1696 = EDGE_LOOP('',(#1697,#1698,#1706,#1714,#1721,#1727));
#1697 = ORIENTED_EDGE('',*,*,#1612,.T.);
#1698 = ORIENTED_EDGE('',*,*,#1699,.T.);
#1699 = EDGE_CURVE('',#1605,#1700,#1702,.T.);
#1700 = VERTEX_POINT('',#1701);
#1701 = CARTESIAN_POINT('',(-1.1,1.295259344883,0.22));
#1702 = LINE('',#1703,#1704);
#1703 = CARTESIAN_POINT('',(1.1,1.295259344883,0.22));
#1704 = VECTOR('',#1705,1.);
#1705 = DIRECTION('',(-1.,2.22044604925E-16,0.));
#1706 = ORIENTED_EDGE('',*,*,#1707,.T.);
#1707 = EDGE_CURVE('',#1700,#1708,#1710,.T.);
#1708 = VERTEX_POINT('',#1709);
#1709 = CARTESIAN_POINT('',(-2.225259344883,1.295259344883,0.22));
#1710 = LINE('',#1711,#1712);
#1711 = CARTESIAN_POINT('',(2.225259344883,1.295259344883,0.22));
#1712 = VECTOR('',#1713,1.);
#1713 = DIRECTION('',(-1.,2.22044604925E-16,0.));
#1714 = ORIENTED_EDGE('',*,*,#1715,.T.);
#1715 = EDGE_CURVE('',#1708,#1716,#1718,.T.);
#1716 = VERTEX_POINT('',#1717);
#1717 = CARTESIAN_POINT('',(-2.28,1.35,0.999));
#1718 = B_SPLINE_CURVE_WITH_KNOTS('',1,(#1719,#1720),.UNSPECIFIED.,.F.,
  .F.,(2,2),(0.,1.),.PIECEWISE_BEZIER_KNOTS.);
#1719 = CARTESIAN_POINT('',(-2.225259344883,1.295259344883,0.22));
#1720 = CARTESIAN_POINT('',(-2.28,1.35,0.999));
#1721 = ORIENTED_EDGE('',*,*,#1722,.F.);
#1722 = EDGE_CURVE('',#1575,#1716,#1723,.T.);
#1723 = LINE('',#1724,#1725);
#1724 = CARTESIAN_POINT('',(2.28,1.35,0.999));
#1725 = VECTOR('',#1726,1.);
#1726 = DIRECTION('',(-1.,2.22044604925E-16,0.));
#1727 = ORIENTED_EDGE('',*,*,#1574,.F.);
#1728 = B_SPLINE_SURFACE_WITH_KNOTS('',1,1,(
    (#1729,#1730)
    ,(#1731,#1732
    )),.UNSPECIFIED.,.F.,.F.,.F.,(2,2),(2,2),(0.,4.56),(0.,1.),
  .PIECEWISE_BEZIER_KNOTS.);
#1729 = CARTESIAN_POINT('',(2.225259344883,1.295259344883,0.22));
#1730 = CARTESIAN_POINT('',(2.28,1.35,0.999));
#1731 = CARTESIAN_POINT('',(-2.225259344883,1.295259344883,0.22));
#1732 = CARTESIAN_POINT('',(-2.28,1.35,0.999));
#1733 = ADVANCED_FACE('',(#1734),#1757,.T.);
#1734 = FACE_BOUND('',#1735,.T.);
#1735 = EDGE_LOOP('',(#1736,#1746,#1751,#1752));
#1736 = ORIENTED_EDGE('',*,*,#1737,.T.);
#1737 = EDGE_CURVE('',#1738,#1740,#1742,.T.);
#1738 = VERTEX_POINT('',#1739);
#1739 = CARTESIAN_POINT('',(1.1,-1.279799853066,0.));
#1740 = VERTEX_POINT('',#1741);
#1741 = CARTESIAN_POINT('',(1.1,1.279799853066,0.));
#1742 = LINE('',#1743,#1744);
#1743 = CARTESIAN_POINT('',(1.1,-1.279799853066,0.));
#1744 = VECTOR('',#1745,1.);
#1745 = DIRECTION('',(2.22044604925E-16,1.,0.));
#1746 = ORIENTED_EDGE('',*,*,#1747,.T.);
#1747 = EDGE_CURVE('',#1740,#1605,#1748,.T.);
#1748 = B_SPLINE_CURVE_WITH_KNOTS('',1,(#1749,#1750),.UNSPECIFIED.,.F.,
  .F.,(2,2),(0.,1.),.PIECEWISE_BEZIER_KNOTS.);
#1749 = CARTESIAN_POINT('',(1.1,1.279799853066,0.));
#1750 = CARTESIAN_POINT('',(1.1,1.295259344883,0.22));
#1751 = ORIENTED_EDGE('',*,*,#1604,.F.);
#1752 = ORIENTED_EDGE('',*,*,#1753,.F.);
#1753 = EDGE_CURVE('',#1738,#1597,#1754,.T.);
#1754 = B_SPLINE_CURVE_WITH_KNOTS('',1,(#1755,#1756),.UNSPECIFIED.,.F.,
  .F.,(2,2),(0.,1.),.PIECEWISE_BEZIER_KNOTS.);
#1755 = CARTESIAN_POINT('',(1.1,-1.279799853066,0.));
#1756 = CARTESIAN_POINT('',(1.1,-1.295259344883,0.22));
#1757 = B_SPLINE_SURFACE_WITH_KNOTS('',1,1,(
    (#1758,#1759)
    ,(#1760,#1761
    )),.UNSPECIFIED.,.F.,.F.,.F.,(2,2),(2,2),(0.,2.590518689767),(0.,1.)
  ,.PIECEWISE_BEZIER_KNOTS.);
#1758 = CARTESIAN_POINT('',(1.1,-1.279799853066,0.));
#1759 = CARTESIAN_POINT('',(1.1,-1.295259344883,0.22));
#1760 = CARTESIAN_POINT('',(1.1,1.279799853066,0.));
#1761 = CARTESIAN_POINT('',(1.1,1.295259344883,0.22));
#1762 = ADVANCED_FACE('',(#1763),#1811,.T.);
#1763 = FACE_BOUND('',#1764,.T.);
#1764 = EDGE_LOOP('',(#1765,#1766,#1772,#1773,#1781,#1789,#1797,#1805));
#1765 = ORIENTED_EDGE('',*,*,#1707,.F.);
#1766 = ORIENTED_EDGE('',*,*,#1767,.T.);
#1767 = EDGE_CURVE('',#1700,#1633,#1768,.T.);
#1768 = LINE('',#1769,#1770);
#1769 = CARTESIAN_POINT('',(-1.1,1.295259344883,0.22));
#1770 = VECTOR('',#1771,1.);
#1771 = DIRECTION('',(-2.22044604925E-16,-1.,0.));
#1772 = ORIENTED_EDGE('',*,*,#1630,.F.);
#1773 = ORIENTED_EDGE('',*,*,#1774,.F.);
#1774 = EDGE_CURVE('',#1775,#1631,#1777,.T.);
#1775 = VERTEX_POINT('',#1776);
#1776 = CARTESIAN_POINT('',(-2.225259344883,-0.75,0.22));
#1777 = LINE('',#1778,#1779);
#1778 = CARTESIAN_POINT('',(-2.225259344883,1.295259344883,0.22));
#1779 = VECTOR('',#1780,1.);
#1780 = DIRECTION('',(-2.22044604925E-16,-1.,0.));
#1781 = ORIENTED_EDGE('',*,*,#1782,.T.);
#1782 = EDGE_CURVE('',#1775,#1783,#1785,.T.);
#1783 = VERTEX_POINT('',#1784);
#1784 = CARTESIAN_POINT('',(-1.14,-0.75,0.22));
#1785 = LINE('',#1786,#1787);
#1786 = CARTESIAN_POINT('',(0.117096097639,-0.75,0.22));
#1787 = VECTOR('',#1788,1.);
#1788 = DIRECTION('',(1.,-2.22044604925E-16,0.));
#1789 = ORIENTED_EDGE('',*,*,#1790,.T.);
#1790 = EDGE_CURVE('',#1783,#1791,#1793,.T.);
#1791 = VERTEX_POINT('',#1792);
#1792 = CARTESIAN_POINT('',(-1.14,0.75,0.22));
#1793 = LINE('',#1794,#1795);
#1794 = CARTESIAN_POINT('',(-1.14,-0.272629672442,0.22));
#1795 = VECTOR('',#1796,1.);
#1796 = DIRECTION('',(2.22044604925E-16,1.,0.));
#1797 = ORIENTED_EDGE('',*,*,#1798,.T.);
#1798 = EDGE_CURVE('',#1791,#1799,#1801,.T.);
#1799 = VERTEX_POINT('',#1800);
#1800 = CARTESIAN_POINT('',(-2.225259344883,0.75,0.22));
#1801 = LINE('',#1802,#1803);
#1802 = CARTESIAN_POINT('',(0.117096097639,0.75,0.22));
#1803 = VECTOR('',#1804,1.);
#1804 = DIRECTION('',(-1.,2.22044604925E-16,0.));
#1805 = ORIENTED_EDGE('',*,*,#1806,.F.);
#1806 = EDGE_CURVE('',#1708,#1799,#1807,.T.);
#1807 = LINE('',#1808,#1809);
#1808 = CARTESIAN_POINT('',(-2.225259344883,1.295259344883,0.22));
#1809 = VECTOR('',#1810,1.);
#1810 = DIRECTION('',(-2.22044604925E-16,-1.,0.));
#1811 = PLANE('',#1812);
#1812 = AXIS2_PLACEMENT_3D('',#1813,#1814,#1815);
#1813 = CARTESIAN_POINT('',(2.225259344883,-1.295259344883,0.22));
#1814 = DIRECTION('',(0.,0.,-1.));
#1815 = DIRECTION('',(-0.864253276514,0.503056929218,0.));
#1816 = ADVANCED_FACE('',(#1817),#1854,.T.);
#1817 = FACE_BOUND('',#1818,.T.);
#1818 = EDGE_LOOP('',(#1819,#1820,#1821,#1831,#1838,#1846,#1847,#1848));
#1819 = ORIENTED_EDGE('',*,*,#1715,.F.);
#1820 = ORIENTED_EDGE('',*,*,#1806,.T.);
#1821 = ORIENTED_EDGE('',*,*,#1822,.T.);
#1822 = EDGE_CURVE('',#1799,#1823,#1825,.T.);
#1823 = VERTEX_POINT('',#1824);
#1824 = CARTESIAN_POINT('',(-2.225413939802,0.75,0.2222));
#1825 = B_SPLINE_CURVE_WITH_KNOTS('',4,(#1826,#1827,#1828,#1829,#1830),
  .UNSPECIFIED.,.F.,.F.,(5,5),(0.,1.),.PIECEWISE_BEZIER_KNOTS.);
#1826 = CARTESIAN_POINT('',(-2.225259344883,0.75,0.22));
#1827 = CARTESIAN_POINT('',(-2.238768685756,0.75,0.412247910026));
#1828 = CARTESIAN_POINT('',(-2.25227825666,0.75,0.604499093572));
#1829 = CARTESIAN_POINT('',(-2.265788033788,0.75,0.796753211837));
#1830 = CARTESIAN_POINT('',(-2.279297998531,0.75,0.98901));
#1831 = ORIENTED_EDGE('',*,*,#1832,.F.);
#1832 = EDGE_CURVE('',#1833,#1823,#1835,.T.);
#1833 = VERTEX_POINT('',#1834);
#1834 = CARTESIAN_POINT('',(-2.225413939802,-0.75,0.2222));
#1835 = B_SPLINE_CURVE_WITH_KNOTS('',1,(#1836,#1837),.UNSPECIFIED.,.F.,
  .F.,(2,2),(0.,1.),.PIECEWISE_BEZIER_KNOTS.);
#1836 = CARTESIAN_POINT('',(-2.225413939802,-0.75,0.2222));
#1837 = CARTESIAN_POINT('',(-2.225413939802,0.75,0.2222));
#1838 = ORIENTED_EDGE('',*,*,#1839,.F.);
#1839 = EDGE_CURVE('',#1775,#1833,#1840,.T.);
#1840 = B_SPLINE_CURVE_WITH_KNOTS('',4,(#1841,#1842,#1843,#1844,#1845),
  .UNSPECIFIED.,.F.,.F.,(5,5),(0.,1.),.PIECEWISE_BEZIER_KNOTS.);
#1841 = CARTESIAN_POINT('',(-2.225259344883,-0.75,0.22));
#1842 = CARTESIAN_POINT('',(-2.238768685756,-0.75,0.412247910026));
#1843 = CARTESIAN_POINT('',(-2.25227825666,-0.75,0.604499093572));
#1844 = CARTESIAN_POINT('',(-2.265788033788,-0.75,0.796753211837));
#1845 = CARTESIAN_POINT('',(-2.279297998531,-0.75,0.98901));
#1846 = ORIENTED_EDGE('',*,*,#1774,.T.);
#1847 = ORIENTED_EDGE('',*,*,#1656,.T.);
#1848 = ORIENTED_EDGE('',*,*,#1849,.F.);
#1849 = EDGE_CURVE('',#1716,#1649,#1850,.T.);
#1850 = LINE('',#1851,#1852);
#1851 = CARTESIAN_POINT('',(-2.28,1.35,0.999));
#1852 = VECTOR('',#1853,1.);
#1853 = DIRECTION('',(-2.22044604925E-16,-1.,0.));
#1854 = B_SPLINE_SURFACE_WITH_KNOTS('',1,1,(
    (#1855,#1856)
    ,(#1857,#1858
    )),.UNSPECIFIED.,.F.,.F.,.F.,(2,2),(2,2),(0.,2.7),(0.,1.),
  .PIECEWISE_BEZIER_KNOTS.);
#1855 = CARTESIAN_POINT('',(-2.225259344883,1.295259344883,0.22));
#1856 = CARTESIAN_POINT('',(-2.28,1.35,0.999));
#1857 = CARTESIAN_POINT('',(-2.225259344883,-1.295259344883,0.22));
#1858 = CARTESIAN_POINT('',(-2.28,-1.35,0.999));
#1859 = ADVANCED_FACE('',(#1860),#1877,.T.);
#1860 = FACE_BOUND('',#1861,.T.);
#1861 = EDGE_LOOP('',(#1862,#1870,#1871,#1872));
#1862 = ORIENTED_EDGE('',*,*,#1863,.T.);
#1863 = EDGE_CURVE('',#1864,#1738,#1866,.T.);
#1864 = VERTEX_POINT('',#1865);
#1865 = CARTESIAN_POINT('',(-1.1,-1.279799853066,0.));
#1866 = LINE('',#1867,#1868);
#1867 = CARTESIAN_POINT('',(-1.1,-1.279799853066,0.));
#1868 = VECTOR('',#1869,1.);
#1869 = DIRECTION('',(1.,-2.22044604925E-16,0.));
#1870 = ORIENTED_EDGE('',*,*,#1753,.T.);
#1871 = ORIENTED_EDGE('',*,*,#1640,.F.);
#1872 = ORIENTED_EDGE('',*,*,#1873,.F.);
#1873 = EDGE_CURVE('',#1864,#1633,#1874,.T.);
#1874 = B_SPLINE_CURVE_WITH_KNOTS('',1,(#1875,#1876),.UNSPECIFIED.,.F.,
  .F.,(2,2),(0.,1.),.PIECEWISE_BEZIER_KNOTS.);
#1875 = CARTESIAN_POINT('',(-1.1,-1.279799853066,0.));
#1876 = CARTESIAN_POINT('',(-1.1,-1.295259344883,0.22));
#1877 = PLANE('',#1878);
#1878 = AXIS2_PLACEMENT_3D('',#1879,#1880,#1881);
#1879 = CARTESIAN_POINT('',(-1.1,-1.295259344883,0.22));
#1880 = DIRECTION('',(-2.214984063823E-16,-0.997540140447,
    -7.009756199374E-02));
#1881 = DIRECTION('',(1.,-2.22044604925E-16,-1.177128382009E-30));
#1882 = ADVANCED_FACE('',(#1883),#1900,.T.);
#1883 = FACE_BOUND('',#1884,.T.);
#1884 = EDGE_LOOP('',(#1885,#1886,#1887,#1895));
#1885 = ORIENTED_EDGE('',*,*,#1648,.T.);
#1886 = ORIENTED_EDGE('',*,*,#1685,.T.);
#1887 = ORIENTED_EDGE('',*,*,#1888,.F.);
#1888 = EDGE_CURVE('',#1889,#1678,#1891,.T.);
#1889 = VERTEX_POINT('',#1890);
#1890 = CARTESIAN_POINT('',(-2.194199820414,-1.264199820414,2.22));
#1891 = LINE('',#1892,#1893);
#1892 = CARTESIAN_POINT('',(-2.194199820414,-1.264199820414,2.22));
#1893 = VECTOR('',#1894,1.);
#1894 = DIRECTION('',(1.,-2.22044604925E-16,0.));
#1895 = ORIENTED_EDGE('',*,*,#1896,.F.);
#1896 = EDGE_CURVE('',#1649,#1889,#1897,.T.);
#1897 = B_SPLINE_CURVE_WITH_KNOTS('',1,(#1898,#1899),.UNSPECIFIED.,.F.,
  .F.,(2,2),(0.,1.),.PIECEWISE_BEZIER_KNOTS.);
#1898 = CARTESIAN_POINT('',(-2.28,-1.35,0.999));
#1899 = CARTESIAN_POINT('',(-2.194199820414,-1.264199820414,2.22));
#1900 = B_SPLINE_SURFACE_WITH_KNOTS('',1,1,(
    (#1901,#1902)
    ,(#1903,#1904
    )),.UNSPECIFIED.,.F.,.F.,.F.,(2,2),(2,2),(0.,4.56),(0.,1.),
  .PIECEWISE_BEZIER_KNOTS.);
#1901 = CARTESIAN_POINT('',(-2.28,-1.35,0.999));
#1902 = CARTESIAN_POINT('',(-2.194199820414,-1.264199820414,2.22));
#1903 = CARTESIAN_POINT('',(2.28,-1.35,0.999));
#1904 = CARTESIAN_POINT('',(2.194199820414,-1.264199820414,2.22));
#1905 = ADVANCED_FACE('',(#1906),#1923,.T.);
#1906 = FACE_BOUND('',#1907,.T.);
#1907 = EDGE_LOOP('',(#1908,#1909,#1916,#1922));
#1908 = ORIENTED_EDGE('',*,*,#1722,.T.);
#1909 = ORIENTED_EDGE('',*,*,#1910,.T.);
#1910 = EDGE_CURVE('',#1716,#1911,#1913,.T.);
#1911 = VERTEX_POINT('',#1912);
#1912 = CARTESIAN_POINT('',(-2.194199820414,1.264199820414,2.22));
#1913 = B_SPLINE_CURVE_WITH_KNOTS('',1,(#1914,#1915),.UNSPECIFIED.,.F.,
  .F.,(2,2),(0.,1.),.PIECEWISE_BEZIER_KNOTS.);
#1914 = CARTESIAN_POINT('',(-2.28,1.35,0.999));
#1915 = CARTESIAN_POINT('',(-2.194199820414,1.264199820414,2.22));
#1916 = ORIENTED_EDGE('',*,*,#1917,.F.);
#1917 = EDGE_CURVE('',#1671,#1911,#1918,.T.);
#1918 = LINE('',#1919,#1920);
#1919 = CARTESIAN_POINT('',(2.194199820414,1.264199820414,2.22));
#1920 = VECTOR('',#1921,1.);
#1921 = DIRECTION('',(-1.,2.22044604925E-16,0.));
#1922 = ORIENTED_EDGE('',*,*,#1670,.F.);
#1923 = B_SPLINE_SURFACE_WITH_KNOTS('',1,1,(
    (#1924,#1925)
    ,(#1926,#1927
    )),.UNSPECIFIED.,.F.,.F.,.F.,(2,2),(2,2),(0.,4.56),(0.,1.),
  .PIECEWISE_BEZIER_KNOTS.);
#1924 = CARTESIAN_POINT('',(2.28,1.35,0.999));
#1925 = CARTESIAN_POINT('',(2.194199820414,1.264199820414,2.22));
#1926 = CARTESIAN_POINT('',(-2.28,1.35,0.999));
#1927 = CARTESIAN_POINT('',(-2.194199820414,1.264199820414,2.22));
#1928 = ADVANCED_FACE('',(#1929,#1940),#1974,.F.);
#1929 = FACE_BOUND('',#1930,.F.);
#1930 = EDGE_LOOP('',(#1931,#1932,#1933,#1939));
#1931 = ORIENTED_EDGE('',*,*,#1677,.F.);
#1932 = ORIENTED_EDGE('',*,*,#1888,.F.);
#1933 = ORIENTED_EDGE('',*,*,#1934,.F.);
#1934 = EDGE_CURVE('',#1911,#1889,#1935,.T.);
#1935 = LINE('',#1936,#1937);
#1936 = CARTESIAN_POINT('',(-2.194199820414,1.264199820414,2.22));
#1937 = VECTOR('',#1938,1.);
#1938 = DIRECTION('',(-2.22044604925E-16,-1.,0.));
#1939 = ORIENTED_EDGE('',*,*,#1917,.F.);
#1940 = FACE_BOUND('',#1941,.F.);
#1941 = EDGE_LOOP('',(#1942,#1952,#1960,#1968));
#1942 = ORIENTED_EDGE('',*,*,#1943,.T.);
#1943 = EDGE_CURVE('',#1944,#1946,#1948,.T.);
#1944 = VERTEX_POINT('',#1945);
#1945 = CARTESIAN_POINT('',(-1.508399640828,1.178399640828,2.22));
#1946 = VERTEX_POINT('',#1947);
#1947 = CARTESIAN_POINT('',(-2.108399640828,1.178399640828,2.22));
#1948 = LINE('',#1949,#1950);
#1949 = CARTESIAN_POINT('',(-1.508399640828,1.178399640828,2.22));
#1950 = VECTOR('',#1951,1.);
#1951 = DIRECTION('',(-1.,2.22044604925E-16,0.));
#1952 = ORIENTED_EDGE('',*,*,#1953,.T.);
#1953 = EDGE_CURVE('',#1946,#1954,#1956,.T.);
#1954 = VERTEX_POINT('',#1955);
#1955 = CARTESIAN_POINT('',(-2.108399640828,-1.178399640828,2.22));
#1956 = LINE('',#1957,#1958);
#1957 = CARTESIAN_POINT('',(-2.108399640828,1.178399640828,2.22));
#1958 = VECTOR('',#1959,1.);
#1959 = DIRECTION('',(-2.22044604925E-16,-1.,0.));
#1960 = ORIENTED_EDGE('',*,*,#1961,.T.);
#1961 = EDGE_CURVE('',#1954,#1962,#1964,.T.);
#1962 = VERTEX_POINT('',#1963);
#1963 = CARTESIAN_POINT('',(-1.508399640828,-1.178399640828,2.22));
#1964 = LINE('',#1965,#1966);
#1965 = CARTESIAN_POINT('',(-2.108399640828,-1.178399640828,2.22));
#1966 = VECTOR('',#1967,1.);
#1967 = DIRECTION('',(1.,-2.22044604925E-16,0.));
#1968 = ORIENTED_EDGE('',*,*,#1969,.T.);
#1969 = EDGE_CURVE('',#1962,#1944,#1970,.T.);
#1970 = LINE('',#1971,#1972);
#1971 = CARTESIAN_POINT('',(-1.508399640828,-1.178399640828,2.22));
#1972 = VECTOR('',#1973,1.);
#1973 = DIRECTION('',(2.22044604925E-16,1.,0.));
#1974 = PLANE('',#1975);
#1975 = AXIS2_PLACEMENT_3D('',#1976,#1977,#1978);
#1976 = CARTESIAN_POINT('',(2.194199820414,-1.264199820414,2.22));
#1977 = DIRECTION('',(0.,0.,-1.));
#1978 = DIRECTION('',(-0.866473406918,0.499223231735,0.));
#1979 = ADVANCED_FACE('',(#1980),#1997,.T.);
#1980 = FACE_BOUND('',#1981,.T.);
#1981 = EDGE_LOOP('',(#1982,#1990,#1995,#1996));
#1982 = ORIENTED_EDGE('',*,*,#1983,.T.);
#1983 = EDGE_CURVE('',#1740,#1984,#1986,.T.);
#1984 = VERTEX_POINT('',#1985);
#1985 = CARTESIAN_POINT('',(-1.1,1.279799853066,0.));
#1986 = LINE('',#1987,#1988);
#1987 = CARTESIAN_POINT('',(1.1,1.279799853066,0.));
#1988 = VECTOR('',#1989,1.);
#1989 = DIRECTION('',(-1.,2.22044604925E-16,0.));
#1990 = ORIENTED_EDGE('',*,*,#1991,.T.);
#1991 = EDGE_CURVE('',#1984,#1700,#1992,.T.);
#1992 = B_SPLINE_CURVE_WITH_KNOTS('',1,(#1993,#1994),.UNSPECIFIED.,.F.,
  .F.,(2,2),(0.,1.),.PIECEWISE_BEZIER_KNOTS.);
#1993 = CARTESIAN_POINT('',(-1.1,1.279799853066,0.));
#1994 = CARTESIAN_POINT('',(-1.1,1.295259344883,0.22));
#1995 = ORIENTED_EDGE('',*,*,#1699,.F.);
#1996 = ORIENTED_EDGE('',*,*,#1747,.F.);
#1997 = PLANE('',#1998);
#1998 = AXIS2_PLACEMENT_3D('',#1999,#2000,#2001);
#1999 = CARTESIAN_POINT('',(1.1,1.295259344883,0.22));
#2000 = DIRECTION('',(2.214984063823E-16,0.997540140447,
    -7.009756199374E-02));
#2001 = DIRECTION('',(-1.,2.22044604925E-16,-1.177128382009E-30));
#2002 = ADVANCED_FACE('',(#2003),#2014,.T.);
#2003 = FACE_BOUND('',#2004,.F.);
#2004 = EDGE_LOOP('',(#2005,#2006,#2007,#2013));
#2005 = ORIENTED_EDGE('',*,*,#1737,.T.);
#2006 = ORIENTED_EDGE('',*,*,#1983,.T.);
#2007 = ORIENTED_EDGE('',*,*,#2008,.T.);
#2008 = EDGE_CURVE('',#1984,#1864,#2009,.T.);
#2009 = LINE('',#2010,#2011);
#2010 = CARTESIAN_POINT('',(-1.1,1.279799853066,0.));
#2011 = VECTOR('',#2012,1.);
#2012 = DIRECTION('',(-2.22044604925E-16,-1.,0.));
#2013 = ORIENTED_EDGE('',*,*,#1863,.T.);
#2014 = PLANE('',#2015);
#2015 = AXIS2_PLACEMENT_3D('',#2016,#2017,#2018);
#2016 = CARTESIAN_POINT('',(1.1,-1.279799853066,0.));
#2017 = DIRECTION('',(0.,0.,-1.));
#2018 = DIRECTION('',(-0.651825367196,0.758369099238,0.));
#2019 = ADVANCED_FACE('',(#2020),#2088,.T.);
#2020 = FACE_BOUND('',#2021,.T.);
#2021 = EDGE_LOOP('',(#2022,#2033,#2041,#2050,#2058,#2066,#2072,#2073,
    #2074,#2082));
#2022 = ORIENTED_EDGE('',*,*,#2023,.F.);
#2023 = EDGE_CURVE('',#2024,#2026,#2028,.T.);
#2024 = VERTEX_POINT('',#2025);
#2025 = CARTESIAN_POINT('',(-2.5,0.75,0.146666666667));
#2026 = VERTEX_POINT('',#2027);
#2027 = CARTESIAN_POINT('',(-2.353333333333,0.75,-2.775557561563E-17));
#2028 = CIRCLE('',#2029,0.146666666667);
#2029 = AXIS2_PLACEMENT_3D('',#2030,#2031,#2032);
#2030 = CARTESIAN_POINT('',(-2.353333333333,0.75,0.146666666667));
#2031 = DIRECTION('',(-2.22044604925E-16,-1.,0.));
#2032 = DIRECTION('',(0.,0.,1.));
#2033 = ORIENTED_EDGE('',*,*,#2034,.T.);
#2034 = EDGE_CURVE('',#2024,#2035,#2037,.T.);
#2035 = VERTEX_POINT('',#2036);
#2036 = CARTESIAN_POINT('',(-2.5,0.75,0.842343333333));
#2037 = LINE('',#2038,#2039);
#2038 = CARTESIAN_POINT('',(-2.5,0.75,0.));
#2039 = VECTOR('',#2040,1.);
#2040 = DIRECTION('',(0.,0.,1.));
#2041 = ORIENTED_EDGE('',*,*,#2042,.T.);
#2042 = EDGE_CURVE('',#2035,#2043,#2045,.T.);
#2043 = VERTEX_POINT('',#2044);
#2044 = CARTESIAN_POINT('',(-2.353333333333,0.75,0.98901));
#2045 = CIRCLE('',#2046,0.146666666667);
#2046 = AXIS2_PLACEMENT_3D('',#2047,#2048,#2049);
#2047 = CARTESIAN_POINT('',(-2.353333333333,0.75,0.842343333333));
#2048 = DIRECTION('',(2.22044604925E-16,1.,-0.));
#2049 = DIRECTION('',(0.,0.,1.));
#2050 = ORIENTED_EDGE('',*,*,#2051,.T.);
#2051 = EDGE_CURVE('',#2043,#2052,#2054,.T.);
#2052 = VERTEX_POINT('',#2053);
#2053 = CARTESIAN_POINT('',(-2.28,0.75,0.98901));
#2054 = LINE('',#2055,#2056);
#2055 = CARTESIAN_POINT('',(-2.5,0.75,0.98901));
#2056 = VECTOR('',#2057,1.);
#2057 = DIRECTION('',(1.,-2.22044604925E-16,0.));
#2058 = ORIENTED_EDGE('',*,*,#2059,.F.);
#2059 = EDGE_CURVE('',#2060,#2052,#2062,.T.);
#2060 = VERTEX_POINT('',#2061);
#2061 = CARTESIAN_POINT('',(-2.28,0.75,0.2222));
#2062 = LINE('',#2063,#2064);
#2063 = CARTESIAN_POINT('',(-2.28,0.75,0.));
#2064 = VECTOR('',#2065,1.);
#2065 = DIRECTION('',(0.,0.,1.));
#2066 = ORIENTED_EDGE('',*,*,#2067,.T.);
#2067 = EDGE_CURVE('',#2060,#1823,#2068,.T.);
#2068 = LINE('',#2069,#2070);
#2069 = CARTESIAN_POINT('',(-2.28,0.75,0.2222));
#2070 = VECTOR('',#2071,1.);
#2071 = DIRECTION('',(1.,-2.22044604925E-16,0.));
#2072 = ORIENTED_EDGE('',*,*,#1822,.F.);
#2073 = ORIENTED_EDGE('',*,*,#1798,.F.);
#2074 = ORIENTED_EDGE('',*,*,#2075,.F.);
#2075 = EDGE_CURVE('',#2076,#1791,#2078,.T.);
#2076 = VERTEX_POINT('',#2077);
#2077 = CARTESIAN_POINT('',(-1.14,0.75,0.));
#2078 = LINE('',#2079,#2080);
#2079 = CARTESIAN_POINT('',(-1.14,0.75,0.));
#2080 = VECTOR('',#2081,1.);
#2081 = DIRECTION('',(0.,0.,1.));
#2082 = ORIENTED_EDGE('',*,*,#2083,.F.);
#2083 = EDGE_CURVE('',#2026,#2076,#2084,.T.);
#2084 = LINE('',#2085,#2086);
#2085 = CARTESIAN_POINT('',(-2.28,0.75,0.));
#2086 = VECTOR('',#2087,1.);
#2087 = DIRECTION('',(1.,-2.22044604925E-16,0.));
#2088 = PLANE('',#2089);
#2089 = AXIS2_PLACEMENT_3D('',#2090,#2091,#2092);
#2090 = CARTESIAN_POINT('',(-1.991067149606,0.75,0.303091083877));
#2091 = DIRECTION('',(2.22044604925E-16,1.,-7.960022943413E-32));
#2092 = DIRECTION('',(-1.,2.22044604925E-16,0.));
#2093 = ADVANCED_FACE('',(#2094),#2112,.T.);
#2094 = FACE_BOUND('',#2095,.T.);
#2095 = EDGE_LOOP('',(#2096,#2104,#2105,#2106));
#2096 = ORIENTED_EDGE('',*,*,#2097,.F.);
#2097 = EDGE_CURVE('',#2076,#2098,#2100,.T.);
#2098 = VERTEX_POINT('',#2099);
#2099 = CARTESIAN_POINT('',(-1.14,-0.75,0.));
#2100 = LINE('',#2101,#2102);
#2101 = CARTESIAN_POINT('',(-1.14,0.75,0.));
#2102 = VECTOR('',#2103,1.);
#2103 = DIRECTION('',(-2.22044604925E-16,-1.,0.));
#2104 = ORIENTED_EDGE('',*,*,#2075,.T.);
#2105 = ORIENTED_EDGE('',*,*,#1790,.F.);
#2106 = ORIENTED_EDGE('',*,*,#2107,.F.);
#2107 = EDGE_CURVE('',#2098,#1783,#2108,.T.);
#2108 = LINE('',#2109,#2110);
#2109 = CARTESIAN_POINT('',(-1.14,-0.75,0.));
#2110 = VECTOR('',#2111,1.);
#2111 = DIRECTION('',(0.,0.,1.));
#2112 = PLANE('',#2113);
#2113 = AXIS2_PLACEMENT_3D('',#2114,#2115,#2116);
#2114 = CARTESIAN_POINT('',(-1.14,0.75,0.));
#2115 = DIRECTION('',(1.,-2.22044604925E-16,0.));
#2116 = DIRECTION('',(-2.22044604925E-16,-1.,0.));
#2117 = ADVANCED_FACE('',(#2118),#2179,.T.);
#2118 = FACE_BOUND('',#2119,.T.);
#2119 = EDGE_LOOP('',(#2120,#2130,#2139,#2145,#2146,#2147,#2148,#2156,
    #2164,#2172));
#2120 = ORIENTED_EDGE('',*,*,#2121,.F.);
#2121 = EDGE_CURVE('',#2122,#2124,#2126,.T.);
#2122 = VERTEX_POINT('',#2123);
#2123 = CARTESIAN_POINT('',(-2.5,-0.75,0.146666666667));
#2124 = VERTEX_POINT('',#2125);
#2125 = CARTESIAN_POINT('',(-2.5,-0.75,0.842343333333));
#2126 = LINE('',#2127,#2128);
#2127 = CARTESIAN_POINT('',(-2.5,-0.75,0.));
#2128 = VECTOR('',#2129,1.);
#2129 = DIRECTION('',(0.,0.,1.));
#2130 = ORIENTED_EDGE('',*,*,#2131,.T.);
#2131 = EDGE_CURVE('',#2122,#2132,#2134,.T.);
#2132 = VERTEX_POINT('',#2133);
#2133 = CARTESIAN_POINT('',(-2.353333333333,-0.75,-2.775557561563E-17));
#2134 = CIRCLE('',#2135,0.146666666667);
#2135 = AXIS2_PLACEMENT_3D('',#2136,#2137,#2138);
#2136 = CARTESIAN_POINT('',(-2.353333333333,-0.75,0.146666666667));
#2137 = DIRECTION('',(-2.22044604925E-16,-1.,0.));
#2138 = DIRECTION('',(0.,0.,1.));
#2139 = ORIENTED_EDGE('',*,*,#2140,.F.);
#2140 = EDGE_CURVE('',#2098,#2132,#2141,.T.);
#2141 = LINE('',#2142,#2143);
#2142 = CARTESIAN_POINT('',(-2.28,-0.75,0.));
#2143 = VECTOR('',#2144,1.);
#2144 = DIRECTION('',(-1.,2.22044604925E-16,0.));
#2145 = ORIENTED_EDGE('',*,*,#2107,.T.);
#2146 = ORIENTED_EDGE('',*,*,#1782,.F.);
#2147 = ORIENTED_EDGE('',*,*,#1839,.T.);
#2148 = ORIENTED_EDGE('',*,*,#2149,.T.);
#2149 = EDGE_CURVE('',#1833,#2150,#2152,.T.);
#2150 = VERTEX_POINT('',#2151);
#2151 = CARTESIAN_POINT('',(-2.28,-0.75,0.2222));
#2152 = LINE('',#2153,#2154);
#2153 = CARTESIAN_POINT('',(-1.14,-0.75,0.2222));
#2154 = VECTOR('',#2155,1.);
#2155 = DIRECTION('',(-1.,2.22044604925E-16,0.));
#2156 = ORIENTED_EDGE('',*,*,#2157,.T.);
#2157 = EDGE_CURVE('',#2150,#2158,#2160,.T.);
#2158 = VERTEX_POINT('',#2159);
#2159 = CARTESIAN_POINT('',(-2.28,-0.75,0.98901));
#2160 = LINE('',#2161,#2162);
#2161 = CARTESIAN_POINT('',(-2.28,-0.75,0.));
#2162 = VECTOR('',#2163,1.);
#2163 = DIRECTION('',(0.,0.,1.));
#2164 = ORIENTED_EDGE('',*,*,#2165,.T.);
#2165 = EDGE_CURVE('',#2158,#2166,#2168,.T.);
#2166 = VERTEX_POINT('',#2167);
#2167 = CARTESIAN_POINT('',(-2.353333333333,-0.75,0.98901));
#2168 = LINE('',#2169,#2170);
#2169 = CARTESIAN_POINT('',(-2.28,-0.75,0.98901));
#2170 = VECTOR('',#2171,1.);
#2171 = DIRECTION('',(-1.,2.22044604925E-16,0.));
#2172 = ORIENTED_EDGE('',*,*,#2173,.F.);
#2173 = EDGE_CURVE('',#2124,#2166,#2174,.T.);
#2174 = CIRCLE('',#2175,0.146666666667);
#2175 = AXIS2_PLACEMENT_3D('',#2176,#2177,#2178);
#2176 = CARTESIAN_POINT('',(-2.353333333333,-0.75,0.842343333333));
#2177 = DIRECTION('',(2.22044604925E-16,1.,-0.));
#2178 = DIRECTION('',(0.,0.,1.));
#2179 = PLANE('',#2180);
#2180 = AXIS2_PLACEMENT_3D('',#2181,#2182,#2183);
#2181 = CARTESIAN_POINT('',(-1.991067149606,-0.75,0.303091083877));
#2182 = DIRECTION('',(-2.22044604925E-16,-1.,-0.));
#2183 = DIRECTION('',(0.,0.,-1.));
#2184 = ADVANCED_FACE('',(#2185),#2191,.T.);
#2185 = FACE_BOUND('',#2186,.T.);
#2186 = EDGE_LOOP('',(#2187,#2188,#2189,#2190));
#2187 = ORIENTED_EDGE('',*,*,#2008,.T.);
#2188 = ORIENTED_EDGE('',*,*,#1873,.T.);
#2189 = ORIENTED_EDGE('',*,*,#1767,.F.);
#2190 = ORIENTED_EDGE('',*,*,#1991,.F.);
#2191 = B_SPLINE_SURFACE_WITH_KNOTS('',1,1,(
    (#2192,#2193)
    ,(#2194,#2195
    )),.UNSPECIFIED.,.F.,.F.,.F.,(2,2),(2,2),(0.,2.590518689767),(0.,1.)
  ,.PIECEWISE_BEZIER_KNOTS.);
#2192 = CARTESIAN_POINT('',(-1.1,1.279799853066,0.));
#2193 = CARTESIAN_POINT('',(-1.1,1.295259344883,0.22));
#2194 = CARTESIAN_POINT('',(-1.1,-1.279799853066,0.));
#2195 = CARTESIAN_POINT('',(-1.1,-1.295259344883,0.22));
#2196 = ADVANCED_FACE('',(#2197),#2203,.T.);
#2197 = FACE_BOUND('',#2198,.T.);
#2198 = EDGE_LOOP('',(#2199,#2200,#2201,#2202));
#2199 = ORIENTED_EDGE('',*,*,#1849,.T.);
#2200 = ORIENTED_EDGE('',*,*,#1896,.T.);
#2201 = ORIENTED_EDGE('',*,*,#1934,.F.);
#2202 = ORIENTED_EDGE('',*,*,#1910,.F.);
#2203 = B_SPLINE_SURFACE_WITH_KNOTS('',1,1,(
    (#2204,#2205)
    ,(#2206,#2207
    )),.UNSPECIFIED.,.F.,.F.,.F.,(2,2),(2,2),(0.,2.7),(0.,1.),
  .PIECEWISE_BEZIER_KNOTS.);
#2204 = CARTESIAN_POINT('',(-2.28,1.35,0.999));
#2205 = CARTESIAN_POINT('',(-2.194199820414,1.264199820414,2.22));
#2206 = CARTESIAN_POINT('',(-2.28,-1.35,0.999));
#2207 = CARTESIAN_POINT('',(-2.194199820414,-1.264199820414,2.22));
#2208 = ADVANCED_FACE('',(#2209),#2220,.F.);
#2209 = FACE_BOUND('',#2210,.F.);
#2210 = EDGE_LOOP('',(#2211,#2212,#2213,#2219));
#2211 = ORIENTED_EDGE('',*,*,#1832,.F.);
#2212 = ORIENTED_EDGE('',*,*,#2149,.T.);
#2213 = ORIENTED_EDGE('',*,*,#2214,.T.);
#2214 = EDGE_CURVE('',#2150,#2060,#2215,.T.);
#2215 = LINE('',#2216,#2217);
#2216 = CARTESIAN_POINT('',(-2.28,-0.75,0.2222));
#2217 = VECTOR('',#2218,1.);
#2218 = DIRECTION('',(2.22044604925E-16,1.,0.));
#2219 = ORIENTED_EDGE('',*,*,#2067,.T.);
#2220 = PLANE('',#2221);
#2221 = AXIS2_PLACEMENT_3D('',#2222,#2223,#2224);
#2222 = CARTESIAN_POINT('',(-1.71,4.440892098501E-16,0.2222));
#2223 = DIRECTION('',(0.,-0.,-1.));
#2224 = DIRECTION('',(-2.22044604925E-16,-1.,0.));
#2225 = ADVANCED_FACE('',(#2226),#2249,.F.);
#2226 = FACE_BOUND('',#2227,.F.);
#2227 = EDGE_LOOP('',(#2228,#2238,#2243,#2244));
#2228 = ORIENTED_EDGE('',*,*,#2229,.T.);
#2229 = EDGE_CURVE('',#2230,#2232,#2234,.T.);
#2230 = VERTEX_POINT('',#2231);
#2231 = CARTESIAN_POINT('',(-1.508399640828,1.178399640828,2.2178));
#2232 = VERTEX_POINT('',#2233);
#2233 = CARTESIAN_POINT('',(-2.108399640828,1.178399640828,2.2178));
#2234 = LINE('',#2235,#2236);
#2235 = CARTESIAN_POINT('',(-1.508399640828,1.178399640828,2.2178));
#2236 = VECTOR('',#2237,1.);
#2237 = DIRECTION('',(-1.,2.22044604925E-16,0.));
#2238 = ORIENTED_EDGE('',*,*,#2239,.T.);
#2239 = EDGE_CURVE('',#2232,#1946,#2240,.T.);
#2240 = B_SPLINE_CURVE_WITH_KNOTS('',1,(#2241,#2242),.UNSPECIFIED.,.F.,
  .F.,(2,2),(0.,1.),.PIECEWISE_BEZIER_KNOTS.);
#2241 = CARTESIAN_POINT('',(-2.108399640828,1.178399640828,2.2178));
#2242 = CARTESIAN_POINT('',(-2.108399640828,1.178399640828,2.22));
#2243 = ORIENTED_EDGE('',*,*,#1943,.F.);
#2244 = ORIENTED_EDGE('',*,*,#2245,.F.);
#2245 = EDGE_CURVE('',#2230,#1944,#2246,.T.);
#2246 = B_SPLINE_CURVE_WITH_KNOTS('',1,(#2247,#2248),.UNSPECIFIED.,.F.,
  .F.,(2,2),(0.,1.),.PIECEWISE_BEZIER_KNOTS.);
#2247 = CARTESIAN_POINT('',(-1.508399640828,1.178399640828,2.2178));
#2248 = CARTESIAN_POINT('',(-1.508399640828,1.178399640828,2.22));
#2249 = PLANE('',#2250);
#2250 = AXIS2_PLACEMENT_3D('',#2251,#2252,#2253);
#2251 = CARTESIAN_POINT('',(-1.508399640828,1.178399640828,2.22));
#2252 = DIRECTION('',(2.22044604925E-16,1.,0.));
#2253 = DIRECTION('',(-1.,2.22044604925E-16,0.));
#2254 = ADVANCED_FACE('',(#2255),#2272,.F.);
#2255 = FACE_BOUND('',#2256,.F.);
#2256 = EDGE_LOOP('',(#2257,#2265,#2266,#2267));
#2257 = ORIENTED_EDGE('',*,*,#2258,.T.);
#2258 = EDGE_CURVE('',#2259,#2230,#2261,.T.);
#2259 = VERTEX_POINT('',#2260);
#2260 = CARTESIAN_POINT('',(-1.508399640828,-1.178399640828,2.2178));
#2261 = LINE('',#2262,#2263);
#2262 = CARTESIAN_POINT('',(-1.508399640828,-1.178399640828,2.2178));
#2263 = VECTOR('',#2264,1.);
#2264 = DIRECTION('',(2.22044604925E-16,1.,0.));
#2265 = ORIENTED_EDGE('',*,*,#2245,.T.);
#2266 = ORIENTED_EDGE('',*,*,#1969,.F.);
#2267 = ORIENTED_EDGE('',*,*,#2268,.F.);
#2268 = EDGE_CURVE('',#2259,#1962,#2269,.T.);
#2269 = B_SPLINE_CURVE_WITH_KNOTS('',1,(#2270,#2271),.UNSPECIFIED.,.F.,
  .F.,(2,2),(0.,1.),.PIECEWISE_BEZIER_KNOTS.);
#2270 = CARTESIAN_POINT('',(-1.508399640828,-1.178399640828,2.2178));
#2271 = CARTESIAN_POINT('',(-1.508399640828,-1.178399640828,2.22));
#2272 = PLANE('',#2273);
#2273 = AXIS2_PLACEMENT_3D('',#2274,#2275,#2276);
#2274 = CARTESIAN_POINT('',(-1.508399640828,-1.178399640828,2.22));
#2275 = DIRECTION('',(1.,-2.22044604925E-16,0.));
#2276 = DIRECTION('',(2.22044604925E-16,1.,0.));
#2277 = ADVANCED_FACE('',(#2278),#2295,.F.);
#2278 = FACE_BOUND('',#2279,.F.);
#2279 = EDGE_LOOP('',(#2280,#2288,#2289,#2290));
#2280 = ORIENTED_EDGE('',*,*,#2281,.T.);
#2281 = EDGE_CURVE('',#2282,#2259,#2284,.T.);
#2282 = VERTEX_POINT('',#2283);
#2283 = CARTESIAN_POINT('',(-2.108399640828,-1.178399640828,2.2178));
#2284 = LINE('',#2285,#2286);
#2285 = CARTESIAN_POINT('',(-2.108399640828,-1.178399640828,2.2178));
#2286 = VECTOR('',#2287,1.);
#2287 = DIRECTION('',(1.,-2.22044604925E-16,0.));
#2288 = ORIENTED_EDGE('',*,*,#2268,.T.);
#2289 = ORIENTED_EDGE('',*,*,#1961,.F.);
#2290 = ORIENTED_EDGE('',*,*,#2291,.F.);
#2291 = EDGE_CURVE('',#2282,#1954,#2292,.T.);
#2292 = B_SPLINE_CURVE_WITH_KNOTS('',1,(#2293,#2294),.UNSPECIFIED.,.F.,
  .F.,(2,2),(0.,1.),.PIECEWISE_BEZIER_KNOTS.);
#2293 = CARTESIAN_POINT('',(-2.108399640828,-1.178399640828,2.2178));
#2294 = CARTESIAN_POINT('',(-2.108399640828,-1.178399640828,2.22));
#2295 = PLANE('',#2296);
#2296 = AXIS2_PLACEMENT_3D('',#2297,#2298,#2299);
#2297 = CARTESIAN_POINT('',(-2.108399640828,-1.178399640828,2.22));
#2298 = DIRECTION('',(-2.22044604925E-16,-1.,0.));
#2299 = DIRECTION('',(1.,-2.22044604925E-16,0.));
#2300 = ADVANCED_FACE('',(#2301),#2312,.F.);
#2301 = FACE_BOUND('',#2302,.F.);
#2302 = EDGE_LOOP('',(#2303,#2309,#2310,#2311));
#2303 = ORIENTED_EDGE('',*,*,#2304,.T.);
#2304 = EDGE_CURVE('',#2232,#2282,#2305,.T.);
#2305 = LINE('',#2306,#2307);
#2306 = CARTESIAN_POINT('',(-2.108399640828,1.178399640828,2.2178));
#2307 = VECTOR('',#2308,1.);
#2308 = DIRECTION('',(-2.22044604925E-16,-1.,0.));
#2309 = ORIENTED_EDGE('',*,*,#2291,.T.);
#2310 = ORIENTED_EDGE('',*,*,#1953,.F.);
#2311 = ORIENTED_EDGE('',*,*,#2239,.F.);
#2312 = PLANE('',#2313);
#2313 = AXIS2_PLACEMENT_3D('',#2314,#2315,#2316);
#2314 = CARTESIAN_POINT('',(-2.108399640828,1.178399640828,2.22));
#2315 = DIRECTION('',(-1.,2.22044604925E-16,0.));
#2316 = DIRECTION('',(-2.22044604925E-16,-1.,0.));
#2317 = ADVANCED_FACE('',(#2318),#2334,.T.);
#2318 = FACE_BOUND('',#2319,.T.);
#2319 = EDGE_LOOP('',(#2320,#2326,#2327,#2333));
#2320 = ORIENTED_EDGE('',*,*,#2321,.T.);
#2321 = EDGE_CURVE('',#2122,#2024,#2322,.T.);
#2322 = LINE('',#2323,#2324);
#2323 = CARTESIAN_POINT('',(-2.5,-0.75,0.146666666667));
#2324 = VECTOR('',#2325,1.);
#2325 = DIRECTION('',(2.22044604925E-16,1.,0.));
#2326 = ORIENTED_EDGE('',*,*,#2023,.T.);
#2327 = ORIENTED_EDGE('',*,*,#2328,.F.);
#2328 = EDGE_CURVE('',#2132,#2026,#2329,.T.);
#2329 = LINE('',#2330,#2331);
#2330 = CARTESIAN_POINT('',(-2.353333333333,-0.75,-2.775557561563E-17));
#2331 = VECTOR('',#2332,1.);
#2332 = DIRECTION('',(2.22044604925E-16,1.,0.));
#2333 = ORIENTED_EDGE('',*,*,#2131,.F.);
#2334 = CYLINDRICAL_SURFACE('',#2335,0.146666666667);
#2335 = AXIS2_PLACEMENT_3D('',#2336,#2337,#2338);
#2336 = CARTESIAN_POINT('',(-2.353333333333,-0.75,0.146666666667));
#2337 = DIRECTION('',(2.22044604925E-16,1.,0.));
#2338 = DIRECTION('',(-1.,2.22044604925E-16,0.));
#2339 = ADVANCED_FACE('',(#2340),#2346,.T.);
#2340 = FACE_BOUND('',#2341,.T.);
#2341 = EDGE_LOOP('',(#2342,#2343,#2344,#2345));
#2342 = ORIENTED_EDGE('',*,*,#2140,.T.);
#2343 = ORIENTED_EDGE('',*,*,#2328,.T.);
#2344 = ORIENTED_EDGE('',*,*,#2083,.T.);
#2345 = ORIENTED_EDGE('',*,*,#2097,.T.);
#2346 = PLANE('',#2347);
#2347 = AXIS2_PLACEMENT_3D('',#2348,#2349,#2350);
#2348 = CARTESIAN_POINT('',(-1.746666666667,3.878379099357E-16,
    -7.671995716851E-18));
#2349 = DIRECTION('',(1.332277103521E-17,-2.579688262589E-33,-1.));
#2350 = DIRECTION('',(1.,-2.22044604925E-16,1.332277103521E-17));
#2351 = ADVANCED_FACE('',(#2352),#2363,.T.);
#2352 = FACE_BOUND('',#2353,.T.);
#2353 = EDGE_LOOP('',(#2354,#2355,#2356,#2362));
#2354 = ORIENTED_EDGE('',*,*,#2214,.T.);
#2355 = ORIENTED_EDGE('',*,*,#2059,.T.);
#2356 = ORIENTED_EDGE('',*,*,#2357,.T.);
#2357 = EDGE_CURVE('',#2052,#2158,#2358,.T.);
#2358 = LINE('',#2359,#2360);
#2359 = CARTESIAN_POINT('',(-2.28,0.75,0.98901));
#2360 = VECTOR('',#2361,1.);
#2361 = DIRECTION('',(-2.22044604925E-16,-1.,0.));
#2362 = ORIENTED_EDGE('',*,*,#2157,.F.);
#2363 = PLANE('',#2364);
#2364 = AXIS2_PLACEMENT_3D('',#2365,#2366,#2367);
#2365 = CARTESIAN_POINT('',(-2.28,0.75,0.));
#2366 = DIRECTION('',(1.,-2.22044604925E-16,0.));
#2367 = DIRECTION('',(-2.22044604925E-16,-1.,0.));
#2368 = ADVANCED_FACE('',(#2369),#2380,.F.);
#2369 = FACE_BOUND('',#2370,.F.);
#2370 = EDGE_LOOP('',(#2371,#2372,#2378,#2379));
#2371 = ORIENTED_EDGE('',*,*,#2165,.T.);
#2372 = ORIENTED_EDGE('',*,*,#2373,.T.);
#2373 = EDGE_CURVE('',#2166,#2043,#2374,.T.);
#2374 = LINE('',#2375,#2376);
#2375 = CARTESIAN_POINT('',(-2.353333333333,-0.75,0.98901));
#2376 = VECTOR('',#2377,1.);
#2377 = DIRECTION('',(2.22044604925E-16,1.,0.));
#2378 = ORIENTED_EDGE('',*,*,#2051,.T.);
#2379 = ORIENTED_EDGE('',*,*,#2357,.T.);
#2380 = PLANE('',#2381);
#2381 = AXIS2_PLACEMENT_3D('',#2382,#2383,#2384);
#2382 = CARTESIAN_POINT('',(-2.39,4.440892098501E-16,0.98901));
#2383 = DIRECTION('',(0.,-0.,-1.));
#2384 = DIRECTION('',(-2.22044604925E-16,-1.,0.));
#2385 = ADVANCED_FACE('',(#2386),#2397,.T.);
#2386 = FACE_BOUND('',#2387,.T.);
#2387 = EDGE_LOOP('',(#2388,#2389,#2390,#2391));
#2388 = ORIENTED_EDGE('',*,*,#2173,.T.);
#2389 = ORIENTED_EDGE('',*,*,#2373,.T.);
#2390 = ORIENTED_EDGE('',*,*,#2042,.F.);
#2391 = ORIENTED_EDGE('',*,*,#2392,.F.);
#2392 = EDGE_CURVE('',#2124,#2035,#2393,.T.);
#2393 = LINE('',#2394,#2395);
#2394 = CARTESIAN_POINT('',(-2.5,-0.75,0.842343333333));
#2395 = VECTOR('',#2396,1.);
#2396 = DIRECTION('',(2.22044604925E-16,1.,0.));
#2397 = CYLINDRICAL_SURFACE('',#2398,0.146666666667);
#2398 = AXIS2_PLACEMENT_3D('',#2399,#2400,#2401);
#2399 = CARTESIAN_POINT('',(-2.353333333333,-0.75,0.842343333333));
#2400 = DIRECTION('',(2.22044604925E-16,1.,0.));
#2401 = DIRECTION('',(-1.,2.22044604925E-16,0.));
#2402 = ADVANCED_FACE('',(#2403),#2409,.T.);
#2403 = FACE_BOUND('',#2404,.T.);
#2404 = EDGE_LOOP('',(#2405,#2406,#2407,#2408));
#2405 = ORIENTED_EDGE('',*,*,#2121,.T.);
#2406 = ORIENTED_EDGE('',*,*,#2392,.T.);
#2407 = ORIENTED_EDGE('',*,*,#2034,.F.);
#2408 = ORIENTED_EDGE('',*,*,#2321,.F.);
#2409 = PLANE('',#2410);
#2410 = AXIS2_PLACEMENT_3D('',#2411,#2412,#2413);
#2411 = CARTESIAN_POINT('',(-2.5,-0.75,0.));
#2412 = DIRECTION('',(-1.,2.22044604925E-16,0.));
#2413 = DIRECTION('',(2.22044604925E-16,1.,0.));
#2414 = ADVANCED_FACE('',(#2415),#2421,.F.);
#2415 = FACE_BOUND('',#2416,.T.);
#2416 = EDGE_LOOP('',(#2417,#2418,#2419,#2420));
#2417 = ORIENTED_EDGE('',*,*,#2258,.T.);
#2418 = ORIENTED_EDGE('',*,*,#2229,.T.);
#2419 = ORIENTED_EDGE('',*,*,#2304,.T.);
#2420 = ORIENTED_EDGE('',*,*,#2281,.T.);
#2421 = PLANE('',#2422);
#2422 = AXIS2_PLACEMENT_3D('',#2423,#2424,#2425);
#2423 = CARTESIAN_POINT('',(-1.508399640828,-1.178399640828,2.2178));
#2424 = DIRECTION('',(0.,0.,-1.));
#2425 = DIRECTION('',(-0.246713052972,0.969088576701,0.));
#2426 = ( GEOMETRIC_REPRESENTATION_CONTEXT(3) 
GLOBAL_UNCERTAINTY_ASSIGNED_CONTEXT((#2430)) 
GLOBAL_UNIT_ASSIGNED_CONTEXT((#2427,#2428,#2429)) REPRESENTATION_CONTEXT
('Context #1','3D Context with UNIT and UNCERTAINTY') );
#2427 = ( LENGTH_UNIT() NAMED_UNIT(*) SI_UNIT(.MILLI.,.METRE.) );
#2428 = ( NAMED_UNIT(*) PLANE_ANGLE_UNIT() SI_UNIT($,.RADIAN.) );
#2429 = ( NAMED_UNIT(*) SI_UNIT($,.STERADIAN.) SOLID_ANGLE_UNIT() );
#2430 = UNCERTAINTY_MEASURE_WITH_UNIT(LENGTH_MEASURE(1.E-07),#2427,
  'distance_accuracy_value','confusion accuracy');
#2431 = CONTEXT_DEPENDENT_SHAPE_REPRESENTATION(#2432,#2434);
#2432 = ( REPRESENTATION_RELATIONSHIP('','',#1217,#10) 
REPRESENTATION_RELATIONSHIP_WITH_TRANSFORMATION(#2433) 
SHAPE_REPRESENTATION_RELATIONSHIP() );
#2433 = ITEM_DEFINED_TRANSFORMATION('','',#11,#35);
#2434 = PRODUCT_DEFINITION_SHAPE('Placement','Placement of an item',
  #2435);
#2435 = NEXT_ASSEMBLY_USAGE_OCCURRENCE('6','D1','',#5,#1212,$);
#2436 = PRODUCT_RELATED_PRODUCT_CATEGORY('part',$,(#1214));
#2437 = CONTEXT_DEPENDENT_SHAPE_REPRESENTATION(#2438,#2440);
#2438 = ( REPRESENTATION_RELATIONSHIP('','',#64,#10) 
REPRESENTATION_RELATIONSHIP_WITH_TRANSFORMATION(#2439) 
SHAPE_REPRESENTATION_RELATIONSHIP() );
#2439 = ITEM_DEFINED_TRANSFORMATION('','',#11,#39);
#2440 = PRODUCT_DEFINITION_SHAPE('Placement','Placement of an item',
  #2441);
#2441 = NEXT_ASSEMBLY_USAGE_OCCURRENCE('7','R4','',#5,#59,$);
#2442 = CONTEXT_DEPENDENT_SHAPE_REPRESENTATION(#2443,#2445);
#2443 = ( REPRESENTATION_RELATIONSHIP('','',#1217,#10) 
REPRESENTATION_RELATIONSHIP_WITH_TRANSFORMATION(#2444) 
SHAPE_REPRESENTATION_RELATIONSHIP() );
#2444 = ITEM_DEFINED_TRANSFORMATION('','',#11,#43);
#2445 = PRODUCT_DEFINITION_SHAPE('Placement','Placement of an item',
  #2446);
#2446 = NEXT_ASSEMBLY_USAGE_OCCURRENCE('8','D2','',#5,#1212,$);
#2447 = SHAPE_DEFINITION_REPRESENTATION(#2448,#2454);
#2448 = PRODUCT_DEFINITION_SHAPE('','',#2449);
#2449 = PRODUCT_DEFINITION('design','',#2450,#2453);
#2450 = PRODUCT_DEFINITION_FORMATION('','',#2451);
#2451 = PRODUCT('Power_resistor_PCB_PCB','Power_resistor_PCB_PCB','',(
    #2452));
#2452 = PRODUCT_CONTEXT('',#2,'mechanical');
#2453 = PRODUCT_DEFINITION_CONTEXT('part definition',#2,'design');
#2454 = ADVANCED_BREP_SHAPE_REPRESENTATION('',(#11,#2455),#4500);
#2455 = MANIFOLD_SOLID_BREP('',#2456);
#2456 = CLOSED_SHELL('',(#2457,#2499,#2530,#2561,#3108,#3655,#3672,#3689
    ,#3706,#3723,#3735,#3752,#3769,#3786,#3803,#3820,#3837,#3854,#3871,
    #3888,#3905,#3922,#3939,#3956,#3973,#3990,#4007,#4024,#4041,#4058,
    #4075,#4092,#4109,#4126,#4143,#4160,#4177,#4194,#4211,#4228,#4245,
    #4262,#4279,#4296,#4313,#4330,#4347,#4364,#4381,#4398,#4415,#4432,
    #4449,#4466,#4483));
#2457 = ADVANCED_FACE('',(#2458),#2494,.T.);
#2458 = FACE_BOUND('',#2459,.T.);
#2459 = EDGE_LOOP('',(#2460,#2470,#2479,#2487));
#2460 = ORIENTED_EDGE('',*,*,#2461,.T.);
#2461 = EDGE_CURVE('',#2462,#2464,#2466,.T.);
#2462 = VERTEX_POINT('',#2463);
#2463 = CARTESIAN_POINT('',(166.1,-35.,0.));
#2464 = VERTEX_POINT('',#2465);
#2465 = CARTESIAN_POINT('',(166.1,-35.,1.51));
#2466 = LINE('',#2467,#2468);
#2467 = CARTESIAN_POINT('',(166.1,-35.,0.));
#2468 = VECTOR('',#2469,1.);
#2469 = DIRECTION('',(0.,0.,1.));
#2470 = ORIENTED_EDGE('',*,*,#2471,.T.);
#2471 = EDGE_CURVE('',#2464,#2472,#2474,.T.);
#2472 = VERTEX_POINT('',#2473);
#2473 = CARTESIAN_POINT('',(171.1,-40.,1.51));
#2474 = CIRCLE('',#2475,4.999999678834);
#2475 = AXIS2_PLACEMENT_3D('',#2476,#2477,#2478);
#2476 = CARTESIAN_POINT('',(166.10000032116,-39.99999967883,1.51));
#2477 = DIRECTION('',(0.,0.,-1.));
#2478 = DIRECTION('',(-6.423315270374E-08,1.,0.));
#2479 = ORIENTED_EDGE('',*,*,#2480,.F.);
#2480 = EDGE_CURVE('',#2481,#2472,#2483,.T.);
#2481 = VERTEX_POINT('',#2482);
#2482 = CARTESIAN_POINT('',(171.1,-40.,0.));
#2483 = LINE('',#2484,#2485);
#2484 = CARTESIAN_POINT('',(171.1,-40.,0.));
#2485 = VECTOR('',#2486,1.);
#2486 = DIRECTION('',(0.,0.,1.));
#2487 = ORIENTED_EDGE('',*,*,#2488,.F.);
#2488 = EDGE_CURVE('',#2462,#2481,#2489,.T.);
#2489 = CIRCLE('',#2490,4.999999678834);
#2490 = AXIS2_PLACEMENT_3D('',#2491,#2492,#2493);
#2491 = CARTESIAN_POINT('',(166.10000032116,-39.99999967883,0.));
#2492 = DIRECTION('',(0.,0.,-1.));
#2493 = DIRECTION('',(-6.423315270374E-08,1.,0.));
#2494 = CYLINDRICAL_SURFACE('',#2495,4.999999678834);
#2495 = AXIS2_PLACEMENT_3D('',#2496,#2497,#2498);
#2496 = CARTESIAN_POINT('',(166.10000032116,-39.99999967883,0.));
#2497 = DIRECTION('',(0.,0.,-1.));
#2498 = DIRECTION('',(-6.423315270374E-08,1.,0.));
#2499 = ADVANCED_FACE('',(#2500),#2525,.T.);
#2500 = FACE_BOUND('',#2501,.T.);
#2501 = EDGE_LOOP('',(#2502,#2512,#2518,#2519));
#2502 = ORIENTED_EDGE('',*,*,#2503,.T.);
#2503 = EDGE_CURVE('',#2504,#2506,#2508,.T.);
#2504 = VERTEX_POINT('',#2505);
#2505 = CARTESIAN_POINT('',(86.1,-35.,0.));
#2506 = VERTEX_POINT('',#2507);
#2507 = CARTESIAN_POINT('',(86.1,-35.,1.51));
#2508 = LINE('',#2509,#2510);
#2509 = CARTESIAN_POINT('',(86.1,-35.,0.));
#2510 = VECTOR('',#2511,1.);
#2511 = DIRECTION('',(0.,0.,1.));
#2512 = ORIENTED_EDGE('',*,*,#2513,.T.);
#2513 = EDGE_CURVE('',#2506,#2464,#2514,.T.);
#2514 = LINE('',#2515,#2516);
#2515 = CARTESIAN_POINT('',(86.1,-35.,1.51));
#2516 = VECTOR('',#2517,1.);
#2517 = DIRECTION('',(1.,0.,0.));
#2518 = ORIENTED_EDGE('',*,*,#2461,.F.);
#2519 = ORIENTED_EDGE('',*,*,#2520,.F.);
#2520 = EDGE_CURVE('',#2504,#2462,#2521,.T.);
#2521 = LINE('',#2522,#2523);
#2522 = CARTESIAN_POINT('',(86.1,-35.,0.));
#2523 = VECTOR('',#2524,1.);
#2524 = DIRECTION('',(1.,0.,0.));
#2525 = PLANE('',#2526);
#2526 = AXIS2_PLACEMENT_3D('',#2527,#2528,#2529);
#2527 = CARTESIAN_POINT('',(86.1,-35.,0.));
#2528 = DIRECTION('',(0.,1.,0.));
#2529 = DIRECTION('',(1.,0.,0.));
#2530 = ADVANCED_FACE('',(#2531),#2556,.T.);
#2531 = FACE_BOUND('',#2532,.T.);
#2532 = EDGE_LOOP('',(#2533,#2534,#2542,#2550));
#2533 = ORIENTED_EDGE('',*,*,#2480,.T.);
#2534 = ORIENTED_EDGE('',*,*,#2535,.T.);
#2535 = EDGE_CURVE('',#2472,#2536,#2538,.T.);
#2536 = VERTEX_POINT('',#2537);
#2537 = CARTESIAN_POINT('',(171.1,-92.,1.51));
#2538 = LINE('',#2539,#2540);
#2539 = CARTESIAN_POINT('',(171.1,-40.,1.51));
#2540 = VECTOR('',#2541,1.);
#2541 = DIRECTION('',(0.,-1.,0.));
#2542 = ORIENTED_EDGE('',*,*,#2543,.F.);
#2543 = EDGE_CURVE('',#2544,#2536,#2546,.T.);
#2544 = VERTEX_POINT('',#2545);
#2545 = CARTESIAN_POINT('',(171.1,-92.,0.));
#2546 = LINE('',#2547,#2548);
#2547 = CARTESIAN_POINT('',(171.1,-92.,0.));
#2548 = VECTOR('',#2549,1.);
#2549 = DIRECTION('',(0.,0.,1.));
#2550 = ORIENTED_EDGE('',*,*,#2551,.F.);
#2551 = EDGE_CURVE('',#2481,#2544,#2552,.T.);
#2552 = LINE('',#2553,#2554);
#2553 = CARTESIAN_POINT('',(171.1,-40.,0.));
#2554 = VECTOR('',#2555,1.);
#2555 = DIRECTION('',(0.,-1.,0.));
#2556 = PLANE('',#2557);
#2557 = AXIS2_PLACEMENT_3D('',#2558,#2559,#2560);
#2558 = CARTESIAN_POINT('',(171.1,-40.,0.));
#2559 = DIRECTION('',(1.,0.,-0.));
#2560 = DIRECTION('',(0.,-1.,0.));
#2561 = ADVANCED_FACE('',(#2562,#2608,#2619,#2630,#2641,#2652,#2663,
    #2674,#2685,#2696,#2707,#2718,#2729,#2740,#2751,#2762,#2773,#2784,
    #2795,#2806,#2817,#2828,#2839,#2850,#2861,#2872,#2883,#2894,#2905,
    #2916,#2927,#2938,#2949,#2960,#2971,#2982,#2993,#3004,#3015,#3026,
    #3037,#3048,#3059,#3070,#3081,#3092),#3103,.F.);
#2562 = FACE_BOUND('',#2563,.F.);
#2563 = EDGE_LOOP('',(#2564,#2565,#2566,#2575,#2583,#2592,#2600,#2607));
#2564 = ORIENTED_EDGE('',*,*,#2488,.F.);
#2565 = ORIENTED_EDGE('',*,*,#2520,.F.);
#2566 = ORIENTED_EDGE('',*,*,#2567,.F.);
#2567 = EDGE_CURVE('',#2568,#2504,#2570,.T.);
#2568 = VERTEX_POINT('',#2569);
#2569 = CARTESIAN_POINT('',(81.1,-40.,0.));
#2570 = CIRCLE('',#2571,4.999999678834);
#2571 = AXIS2_PLACEMENT_3D('',#2572,#2573,#2574);
#2572 = CARTESIAN_POINT('',(86.099999678834,-39.99999967883,0.));
#2573 = DIRECTION('',(0.,0.,-1.));
#2574 = DIRECTION('',(-1.,-6.423314275614E-08,-0.));
#2575 = ORIENTED_EDGE('',*,*,#2576,.F.);
#2576 = EDGE_CURVE('',#2577,#2568,#2579,.T.);
#2577 = VERTEX_POINT('',#2578);
#2578 = CARTESIAN_POINT('',(81.1,-92.,0.));
#2579 = LINE('',#2580,#2581);
#2580 = CARTESIAN_POINT('',(81.1,-92.,0.));
#2581 = VECTOR('',#2582,1.);
#2582 = DIRECTION('',(0.,1.,0.));
#2583 = ORIENTED_EDGE('',*,*,#2584,.F.);
#2584 = EDGE_CURVE('',#2585,#2577,#2587,.T.);
#2585 = VERTEX_POINT('',#2586);
#2586 = CARTESIAN_POINT('',(86.1,-97.,0.));
#2587 = CIRCLE('',#2588,4.999999678834);
#2588 = AXIS2_PLACEMENT_3D('',#2589,#2590,#2591);
#2589 = CARTESIAN_POINT('',(86.099999678834,-92.00000032116,0.));
#2590 = DIRECTION('',(0.,0.,-1.));
#2591 = DIRECTION('',(6.423314133505E-08,-1.,0.));
#2592 = ORIENTED_EDGE('',*,*,#2593,.F.);
#2593 = EDGE_CURVE('',#2594,#2585,#2596,.T.);
#2594 = VERTEX_POINT('',#2595);
#2595 = CARTESIAN_POINT('',(166.1,-97.,0.));
#2596 = LINE('',#2597,#2598);
#2597 = CARTESIAN_POINT('',(166.1,-97.,0.));
#2598 = VECTOR('',#2599,1.);
#2599 = DIRECTION('',(-1.,0.,0.));
#2600 = ORIENTED_EDGE('',*,*,#2601,.F.);
#2601 = EDGE_CURVE('',#2544,#2594,#2602,.T.);
#2602 = CIRCLE('',#2603,4.999999678834);
#2603 = AXIS2_PLACEMENT_3D('',#2604,#2605,#2606);
#2604 = CARTESIAN_POINT('',(166.10000032116,-92.00000032116,0.));
#2605 = DIRECTION('',(0.,0.,-1.));
#2606 = DIRECTION('',(1.,6.42331470194E-08,0.));
#2607 = ORIENTED_EDGE('',*,*,#2551,.F.);
#2608 = FACE_BOUND('',#2609,.F.);
#2609 = EDGE_LOOP('',(#2610));
#2610 = ORIENTED_EDGE('',*,*,#2611,.T.);
#2611 = EDGE_CURVE('',#2612,#2612,#2614,.T.);
#2612 = VERTEX_POINT('',#2613);
#2613 = CARTESIAN_POINT('',(86.1,-93.6,0.));
#2614 = CIRCLE('',#2615,1.6);
#2615 = AXIS2_PLACEMENT_3D('',#2616,#2617,#2618);
#2616 = CARTESIAN_POINT('',(86.1,-92.,0.));
#2617 = DIRECTION('',(-0.,0.,-1.));
#2618 = DIRECTION('',(-0.,-1.,0.));
#2619 = FACE_BOUND('',#2620,.F.);
#2620 = EDGE_LOOP('',(#2621));
#2621 = ORIENTED_EDGE('',*,*,#2622,.T.);
#2622 = EDGE_CURVE('',#2623,#2623,#2625,.T.);
#2623 = VERTEX_POINT('',#2624);
#2624 = CARTESIAN_POINT('',(92.04,-87.7,0.));
#2625 = CIRCLE('',#2626,0.6);
#2626 = AXIS2_PLACEMENT_3D('',#2627,#2628,#2629);
#2627 = CARTESIAN_POINT('',(92.04,-87.1,0.));
#2628 = DIRECTION('',(-0.,0.,-1.));
#2629 = DIRECTION('',(2.368475785867E-14,-1.,-0.));
#2630 = FACE_BOUND('',#2631,.F.);
#2631 = EDGE_LOOP('',(#2632));
#2632 = ORIENTED_EDGE('',*,*,#2633,.T.);
#2633 = EDGE_CURVE('',#2634,#2634,#2636,.T.);
#2634 = VERTEX_POINT('',#2635);
#2635 = CARTESIAN_POINT('',(92.155,-73.775,0.));
#2636 = CIRCLE('',#2637,0.6);
#2637 = AXIS2_PLACEMENT_3D('',#2638,#2639,#2640);
#2638 = CARTESIAN_POINT('',(92.155,-73.175,0.));
#2639 = DIRECTION('',(-0.,0.,-1.));
#2640 = DIRECTION('',(-0.,-1.,0.));
#2641 = FACE_BOUND('',#2642,.F.);
#2642 = EDGE_LOOP('',(#2643));
#2643 = ORIENTED_EDGE('',*,*,#2644,.T.);
#2644 = EDGE_CURVE('',#2645,#2645,#2647,.T.);
#2645 = VERTEX_POINT('',#2646);
#2646 = CARTESIAN_POINT('',(88.6,-66.9,0.));
#2647 = CIRCLE('',#2648,0.5);
#2648 = AXIS2_PLACEMENT_3D('',#2649,#2650,#2651);
#2649 = CARTESIAN_POINT('',(88.6,-66.4,0.));
#2650 = DIRECTION('',(-0.,0.,-1.));
#2651 = DIRECTION('',(-0.,-1.,0.));
#2652 = FACE_BOUND('',#2653,.F.);
#2653 = EDGE_LOOP('',(#2654));
#2654 = ORIENTED_EDGE('',*,*,#2655,.T.);
#2655 = EDGE_CURVE('',#2656,#2656,#2658,.T.);
#2656 = VERTEX_POINT('',#2657);
#2657 = CARTESIAN_POINT('',(156.6,-93.775,0.));
#2658 = CIRCLE('',#2659,1.22);
#2659 = AXIS2_PLACEMENT_3D('',#2660,#2661,#2662);
#2660 = CARTESIAN_POINT('',(156.6,-92.555,0.));
#2661 = DIRECTION('',(-0.,0.,-1.));
#2662 = DIRECTION('',(-0.,-1.,0.));
#2663 = FACE_BOUND('',#2664,.F.);
#2664 = EDGE_LOOP('',(#2665));
#2665 = ORIENTED_EDGE('',*,*,#2666,.T.);
#2666 = EDGE_CURVE('',#2667,#2667,#2669,.T.);
#2667 = VERTEX_POINT('',#2668);
#2668 = CARTESIAN_POINT('',(147.92,-87.7,0.));
#2669 = CIRCLE('',#2670,0.6);
#2670 = AXIS2_PLACEMENT_3D('',#2671,#2672,#2673);
#2671 = CARTESIAN_POINT('',(147.92,-87.1,0.));
#2672 = DIRECTION('',(-0.,0.,-1.));
#2673 = DIRECTION('',(-4.736951571734E-14,-1.,0.));
#2674 = FACE_BOUND('',#2675,.F.);
#2675 = EDGE_LOOP('',(#2676));
#2676 = ORIENTED_EDGE('',*,*,#2677,.T.);
#2677 = EDGE_CURVE('',#2678,#2678,#2680,.T.);
#2678 = VERTEX_POINT('',#2679);
#2679 = CARTESIAN_POINT('',(166.1,-93.6,0.));
#2680 = CIRCLE('',#2681,1.6);
#2681 = AXIS2_PLACEMENT_3D('',#2682,#2683,#2684);
#2682 = CARTESIAN_POINT('',(166.1,-92.,0.));
#2683 = DIRECTION('',(-0.,0.,-1.));
#2684 = DIRECTION('',(-0.,-1.,0.));
#2685 = FACE_BOUND('',#2686,.F.);
#2686 = EDGE_LOOP('',(#2687));
#2687 = ORIENTED_EDGE('',*,*,#2688,.T.);
#2688 = EDGE_CURVE('',#2689,#2689,#2691,.T.);
#2689 = VERTEX_POINT('',#2690);
#2690 = CARTESIAN_POINT('',(156.6,-86.645,0.));
#2691 = CIRCLE('',#2692,0.85);
#2692 = AXIS2_PLACEMENT_3D('',#2693,#2694,#2695);
#2693 = CARTESIAN_POINT('',(156.6,-85.795,0.));
#2694 = DIRECTION('',(-0.,0.,-1.));
#2695 = DIRECTION('',(-0.,-1.,0.));
#2696 = FACE_BOUND('',#2697,.F.);
#2697 = EDGE_LOOP('',(#2698));
#2698 = ORIENTED_EDGE('',*,*,#2699,.T.);
#2699 = EDGE_CURVE('',#2700,#2700,#2702,.T.);
#2700 = VERTEX_POINT('',#2701);
#2701 = CARTESIAN_POINT('',(148.035,-73.775,0.));
#2702 = CIRCLE('',#2703,0.6);
#2703 = AXIS2_PLACEMENT_3D('',#2704,#2705,#2706);
#2704 = CARTESIAN_POINT('',(148.035,-73.175,0.));
#2705 = DIRECTION('',(-0.,0.,-1.));
#2706 = DIRECTION('',(-0.,-1.,0.));
#2707 = FACE_BOUND('',#2708,.F.);
#2708 = EDGE_LOOP('',(#2709));
#2709 = ORIENTED_EDGE('',*,*,#2710,.T.);
#2710 = EDGE_CURVE('',#2711,#2711,#2713,.T.);
#2711 = VERTEX_POINT('',#2712);
#2712 = CARTESIAN_POINT('',(156.6,-77.055,0.));
#2713 = CIRCLE('',#2714,0.85);
#2714 = AXIS2_PLACEMENT_3D('',#2715,#2716,#2717);
#2715 = CARTESIAN_POINT('',(156.6,-76.205,0.));
#2716 = DIRECTION('',(-0.,0.,-1.));
#2717 = DIRECTION('',(-0.,-1.,0.));
#2718 = FACE_BOUND('',#2719,.F.);
#2719 = EDGE_LOOP('',(#2720));
#2720 = ORIENTED_EDGE('',*,*,#2721,.T.);
#2721 = EDGE_CURVE('',#2722,#2722,#2724,.T.);
#2722 = VERTEX_POINT('',#2723);
#2723 = CARTESIAN_POINT('',(165.3,-79.05,0.));
#2724 = CIRCLE('',#2725,0.25);
#2725 = AXIS2_PLACEMENT_3D('',#2726,#2727,#2728);
#2726 = CARTESIAN_POINT('',(165.3,-78.8,0.));
#2727 = DIRECTION('',(-0.,0.,-1.));
#2728 = DIRECTION('',(-0.,-1.,0.));
#2729 = FACE_BOUND('',#2730,.F.);
#2730 = EDGE_LOOP('',(#2731));
#2731 = ORIENTED_EDGE('',*,*,#2732,.T.);
#2732 = EDGE_CURVE('',#2733,#2733,#2735,.T.);
#2733 = VERTEX_POINT('',#2734);
#2734 = CARTESIAN_POINT('',(163.602944,-78.347056,0.));
#2735 = CIRCLE('',#2736,0.25);
#2736 = AXIS2_PLACEMENT_3D('',#2737,#2738,#2739);
#2737 = CARTESIAN_POINT('',(163.602944,-78.097056,0.));
#2738 = DIRECTION('',(-0.,0.,-1.));
#2739 = DIRECTION('',(-0.,-1.,0.));
#2740 = FACE_BOUND('',#2741,.F.);
#2741 = EDGE_LOOP('',(#2742));
#2742 = ORIENTED_EDGE('',*,*,#2743,.T.);
#2743 = EDGE_CURVE('',#2744,#2744,#2746,.T.);
#2744 = VERTEX_POINT('',#2745);
#2745 = CARTESIAN_POINT('',(166.997056,-78.347056,0.));
#2746 = CIRCLE('',#2747,0.25);
#2747 = AXIS2_PLACEMENT_3D('',#2748,#2749,#2750);
#2748 = CARTESIAN_POINT('',(166.997056,-78.097056,0.));
#2749 = DIRECTION('',(-0.,0.,-1.));
#2750 = DIRECTION('',(-0.,-1.,0.));
#2751 = FACE_BOUND('',#2752,.F.);
#2752 = EDGE_LOOP('',(#2753));
#2753 = ORIENTED_EDGE('',*,*,#2754,.T.);
#2754 = EDGE_CURVE('',#2755,#2755,#2757,.T.);
#2755 = VERTEX_POINT('',#2756);
#2756 = CARTESIAN_POINT('',(162.9,-76.65,0.));
#2757 = CIRCLE('',#2758,0.25);
#2758 = AXIS2_PLACEMENT_3D('',#2759,#2760,#2761);
#2759 = CARTESIAN_POINT('',(162.9,-76.4,0.));
#2760 = DIRECTION('',(-0.,0.,-1.));
#2761 = DIRECTION('',(-0.,-1.,0.));
#2762 = FACE_BOUND('',#2763,.F.);
#2763 = EDGE_LOOP('',(#2764));
#2764 = ORIENTED_EDGE('',*,*,#2765,.T.);
#2765 = EDGE_CURVE('',#2766,#2766,#2768,.T.);
#2766 = VERTEX_POINT('',#2767);
#2767 = CARTESIAN_POINT('',(165.3,-78.,0.));
#2768 = CIRCLE('',#2769,1.6);
#2769 = AXIS2_PLACEMENT_3D('',#2770,#2771,#2772);
#2770 = CARTESIAN_POINT('',(165.3,-76.4,0.));
#2771 = DIRECTION('',(-0.,0.,-1.));
#2772 = DIRECTION('',(-0.,-1.,0.));
#2773 = FACE_BOUND('',#2774,.F.);
#2774 = EDGE_LOOP('',(#2775));
#2775 = ORIENTED_EDGE('',*,*,#2776,.T.);
#2776 = EDGE_CURVE('',#2777,#2777,#2779,.T.);
#2777 = VERTEX_POINT('',#2778);
#2778 = CARTESIAN_POINT('',(167.7,-76.65,0.));
#2779 = CIRCLE('',#2780,0.25);
#2780 = AXIS2_PLACEMENT_3D('',#2781,#2782,#2783);
#2781 = CARTESIAN_POINT('',(167.7,-76.4,0.));
#2782 = DIRECTION('',(-0.,0.,-1.));
#2783 = DIRECTION('',(-0.,-1.,0.));
#2784 = FACE_BOUND('',#2785,.F.);
#2785 = EDGE_LOOP('',(#2786));
#2786 = ORIENTED_EDGE('',*,*,#2787,.T.);
#2787 = EDGE_CURVE('',#2788,#2788,#2790,.T.);
#2788 = VERTEX_POINT('',#2789);
#2789 = CARTESIAN_POINT('',(163.602944,-74.952944,0.));
#2790 = CIRCLE('',#2791,0.25);
#2791 = AXIS2_PLACEMENT_3D('',#2792,#2793,#2794);
#2792 = CARTESIAN_POINT('',(163.602944,-74.702944,0.));
#2793 = DIRECTION('',(-0.,0.,-1.));
#2794 = DIRECTION('',(-0.,-1.,0.));
#2795 = FACE_BOUND('',#2796,.F.);
#2796 = EDGE_LOOP('',(#2797));
#2797 = ORIENTED_EDGE('',*,*,#2798,.T.);
#2798 = EDGE_CURVE('',#2799,#2799,#2801,.T.);
#2799 = VERTEX_POINT('',#2800);
#2800 = CARTESIAN_POINT('',(165.3,-74.25,0.));
#2801 = CIRCLE('',#2802,0.25);
#2802 = AXIS2_PLACEMENT_3D('',#2803,#2804,#2805);
#2803 = CARTESIAN_POINT('',(165.3,-74.,0.));
#2804 = DIRECTION('',(-0.,0.,-1.));
#2805 = DIRECTION('',(-0.,-1.,0.));
#2806 = FACE_BOUND('',#2807,.F.);
#2807 = EDGE_LOOP('',(#2808));
#2808 = ORIENTED_EDGE('',*,*,#2809,.T.);
#2809 = EDGE_CURVE('',#2810,#2810,#2812,.T.);
#2810 = VERTEX_POINT('',#2811);
#2811 = CARTESIAN_POINT('',(166.997056,-74.952944,0.));
#2812 = CIRCLE('',#2813,0.25);
#2813 = AXIS2_PLACEMENT_3D('',#2814,#2815,#2816);
#2814 = CARTESIAN_POINT('',(166.997056,-74.702944,0.));
#2815 = DIRECTION('',(-0.,0.,-1.));
#2816 = DIRECTION('',(-0.,-1.,0.));
#2817 = FACE_BOUND('',#2818,.F.);
#2818 = EDGE_LOOP('',(#2819));
#2819 = ORIENTED_EDGE('',*,*,#2820,.T.);
#2820 = EDGE_CURVE('',#2821,#2821,#2823,.T.);
#2821 = VERTEX_POINT('',#2822);
#2822 = CARTESIAN_POINT('',(156.6,-70.665,0.));
#2823 = CIRCLE('',#2824,1.22);
#2824 = AXIS2_PLACEMENT_3D('',#2825,#2826,#2827);
#2825 = CARTESIAN_POINT('',(156.6,-69.445,0.));
#2826 = DIRECTION('',(-0.,0.,-1.));
#2827 = DIRECTION('',(-0.,-1.,0.));
#2828 = FACE_BOUND('',#2829,.F.);
#2829 = EDGE_LOOP('',(#2830));
#2830 = ORIENTED_EDGE('',*,*,#2831,.T.);
#2831 = EDGE_CURVE('',#2832,#2832,#2834,.T.);
#2832 = VERTEX_POINT('',#2833);
#2833 = CARTESIAN_POINT('',(85.502944,-58.247056,0.));
#2834 = CIRCLE('',#2835,0.25);
#2835 = AXIS2_PLACEMENT_3D('',#2836,#2837,#2838);
#2836 = CARTESIAN_POINT('',(85.502944,-57.997056,0.));
#2837 = DIRECTION('',(-0.,0.,-1.));
#2838 = DIRECTION('',(-0.,-1.,0.));
#2839 = FACE_BOUND('',#2840,.F.);
#2840 = EDGE_LOOP('',(#2841));
#2841 = ORIENTED_EDGE('',*,*,#2842,.T.);
#2842 = EDGE_CURVE('',#2843,#2843,#2845,.T.);
#2843 = VERTEX_POINT('',#2844);
#2844 = CARTESIAN_POINT('',(87.2,-58.95,0.));
#2845 = CIRCLE('',#2846,0.25);
#2846 = AXIS2_PLACEMENT_3D('',#2847,#2848,#2849);
#2847 = CARTESIAN_POINT('',(87.2,-58.7,0.));
#2848 = DIRECTION('',(-0.,0.,-1.));
#2849 = DIRECTION('',(-0.,-1.,0.));
#2850 = FACE_BOUND('',#2851,.F.);
#2851 = EDGE_LOOP('',(#2852));
#2852 = ORIENTED_EDGE('',*,*,#2853,.T.);
#2853 = EDGE_CURVE('',#2854,#2854,#2856,.T.);
#2854 = VERTEX_POINT('',#2855);
#2855 = CARTESIAN_POINT('',(88.897056,-58.247056,0.));
#2856 = CIRCLE('',#2857,0.25);
#2857 = AXIS2_PLACEMENT_3D('',#2858,#2859,#2860);
#2858 = CARTESIAN_POINT('',(88.897056,-57.997056,0.));
#2859 = DIRECTION('',(-0.,0.,-1.));
#2860 = DIRECTION('',(-0.,-1.,0.));
#2861 = FACE_BOUND('',#2862,.F.);
#2862 = EDGE_LOOP('',(#2863));
#2863 = ORIENTED_EDGE('',*,*,#2864,.T.);
#2864 = EDGE_CURVE('',#2865,#2865,#2867,.T.);
#2865 = VERTEX_POINT('',#2866);
#2866 = CARTESIAN_POINT('',(84.8,-56.55,0.));
#2867 = CIRCLE('',#2868,0.25);
#2868 = AXIS2_PLACEMENT_3D('',#2869,#2870,#2871);
#2869 = CARTESIAN_POINT('',(84.8,-56.3,0.));
#2870 = DIRECTION('',(-0.,0.,-1.));
#2871 = DIRECTION('',(-0.,-1.,0.));
#2872 = FACE_BOUND('',#2873,.F.);
#2873 = EDGE_LOOP('',(#2874));
#2874 = ORIENTED_EDGE('',*,*,#2875,.T.);
#2875 = EDGE_CURVE('',#2876,#2876,#2878,.T.);
#2876 = VERTEX_POINT('',#2877);
#2877 = CARTESIAN_POINT('',(87.2,-57.9,0.));
#2878 = CIRCLE('',#2879,1.6);
#2879 = AXIS2_PLACEMENT_3D('',#2880,#2881,#2882);
#2880 = CARTESIAN_POINT('',(87.2,-56.3,0.));
#2881 = DIRECTION('',(-0.,0.,-1.));
#2882 = DIRECTION('',(8.881784197001E-15,-1.,-0.));
#2883 = FACE_BOUND('',#2884,.F.);
#2884 = EDGE_LOOP('',(#2885));
#2885 = ORIENTED_EDGE('',*,*,#2886,.T.);
#2886 = EDGE_CURVE('',#2887,#2887,#2889,.T.);
#2887 = VERTEX_POINT('',#2888);
#2888 = CARTESIAN_POINT('',(89.6,-56.55,0.));
#2889 = CIRCLE('',#2890,0.25);
#2890 = AXIS2_PLACEMENT_3D('',#2891,#2892,#2893);
#2891 = CARTESIAN_POINT('',(89.6,-56.3,0.));
#2892 = DIRECTION('',(-0.,0.,-1.));
#2893 = DIRECTION('',(-0.,-1.,0.));
#2894 = FACE_BOUND('',#2895,.F.);
#2895 = EDGE_LOOP('',(#2896));
#2896 = ORIENTED_EDGE('',*,*,#2897,.T.);
#2897 = EDGE_CURVE('',#2898,#2898,#2900,.T.);
#2898 = VERTEX_POINT('',#2899);
#2899 = CARTESIAN_POINT('',(92.155,-59.725,0.));
#2900 = CIRCLE('',#2901,0.6);
#2901 = AXIS2_PLACEMENT_3D('',#2902,#2903,#2904);
#2902 = CARTESIAN_POINT('',(92.155,-59.125,0.));
#2903 = DIRECTION('',(-0.,0.,-1.));
#2904 = DIRECTION('',(-0.,-1.,0.));
#2905 = FACE_BOUND('',#2906,.F.);
#2906 = EDGE_LOOP('',(#2907));
#2907 = ORIENTED_EDGE('',*,*,#2908,.T.);
#2908 = EDGE_CURVE('',#2909,#2909,#2911,.T.);
#2909 = VERTEX_POINT('',#2910);
#2910 = CARTESIAN_POINT('',(85.502944,-54.852944,0.));
#2911 = CIRCLE('',#2912,0.25);
#2912 = AXIS2_PLACEMENT_3D('',#2913,#2914,#2915);
#2913 = CARTESIAN_POINT('',(85.502944,-54.602944,0.));
#2914 = DIRECTION('',(-0.,0.,-1.));
#2915 = DIRECTION('',(-0.,-1.,0.));
#2916 = FACE_BOUND('',#2917,.F.);
#2917 = EDGE_LOOP('',(#2918));
#2918 = ORIENTED_EDGE('',*,*,#2919,.T.);
#2919 = EDGE_CURVE('',#2920,#2920,#2922,.T.);
#2920 = VERTEX_POINT('',#2921);
#2921 = CARTESIAN_POINT('',(88.897056,-54.852944,0.));
#2922 = CIRCLE('',#2923,0.25);
#2923 = AXIS2_PLACEMENT_3D('',#2924,#2925,#2926);
#2924 = CARTESIAN_POINT('',(88.897056,-54.602944,0.));
#2925 = DIRECTION('',(-0.,0.,-1.));
#2926 = DIRECTION('',(-0.,-1.,0.));
#2927 = FACE_BOUND('',#2928,.F.);
#2928 = EDGE_LOOP('',(#2929));
#2929 = ORIENTED_EDGE('',*,*,#2930,.T.);
#2930 = EDGE_CURVE('',#2931,#2931,#2933,.T.);
#2931 = VERTEX_POINT('',#2932);
#2932 = CARTESIAN_POINT('',(87.2,-54.15,0.));
#2933 = CIRCLE('',#2934,0.25);
#2934 = AXIS2_PLACEMENT_3D('',#2935,#2936,#2937);
#2935 = CARTESIAN_POINT('',(87.2,-53.9,0.));
#2936 = DIRECTION('',(-0.,0.,-1.));
#2937 = DIRECTION('',(-0.,-1.,0.));
#2938 = FACE_BOUND('',#2939,.F.);
#2939 = EDGE_LOOP('',(#2940));
#2940 = ORIENTED_EDGE('',*,*,#2941,.T.);
#2941 = EDGE_CURVE('',#2942,#2942,#2944,.T.);
#2942 = VERTEX_POINT('',#2943);
#2943 = CARTESIAN_POINT('',(92.1,-45.5,0.));
#2944 = CIRCLE('',#2945,0.6);
#2945 = AXIS2_PLACEMENT_3D('',#2946,#2947,#2948);
#2946 = CARTESIAN_POINT('',(92.1,-44.9,0.));
#2947 = DIRECTION('',(-0.,0.,-1.));
#2948 = DIRECTION('',(-0.,-1.,0.));
#2949 = FACE_BOUND('',#2950,.F.);
#2950 = EDGE_LOOP('',(#2951));
#2951 = ORIENTED_EDGE('',*,*,#2952,.T.);
#2952 = EDGE_CURVE('',#2953,#2953,#2955,.T.);
#2953 = VERTEX_POINT('',#2954);
#2954 = CARTESIAN_POINT('',(86.1,-41.6,0.));
#2955 = CIRCLE('',#2956,1.6);
#2956 = AXIS2_PLACEMENT_3D('',#2957,#2958,#2959);
#2957 = CARTESIAN_POINT('',(86.1,-40.,0.));
#2958 = DIRECTION('',(-0.,0.,-1.));
#2959 = DIRECTION('',(-0.,-1.,0.));
#2960 = FACE_BOUND('',#2961,.F.);
#2961 = EDGE_LOOP('',(#2962));
#2962 = ORIENTED_EDGE('',*,*,#2963,.T.);
#2963 = EDGE_CURVE('',#2964,#2964,#2966,.T.);
#2964 = VERTEX_POINT('',#2965);
#2965 = CARTESIAN_POINT('',(148.035,-59.725,0.));
#2966 = CIRCLE('',#2967,0.6);
#2967 = AXIS2_PLACEMENT_3D('',#2968,#2969,#2970);
#2968 = CARTESIAN_POINT('',(148.035,-59.125,0.));
#2969 = DIRECTION('',(-0.,0.,-1.));
#2970 = DIRECTION('',(-0.,-1.,0.));
#2971 = FACE_BOUND('',#2972,.F.);
#2972 = EDGE_LOOP('',(#2973));
#2973 = ORIENTED_EDGE('',*,*,#2974,.T.);
#2974 = EDGE_CURVE('',#2975,#2975,#2977,.T.);
#2975 = VERTEX_POINT('',#2976);
#2976 = CARTESIAN_POINT('',(165.3,-59.15,0.));
#2977 = CIRCLE('',#2978,0.25);
#2978 = AXIS2_PLACEMENT_3D('',#2979,#2980,#2981);
#2979 = CARTESIAN_POINT('',(165.3,-58.9,0.));
#2980 = DIRECTION('',(-0.,0.,-1.));
#2981 = DIRECTION('',(-0.,-1.,0.));
#2982 = FACE_BOUND('',#2983,.F.);
#2983 = EDGE_LOOP('',(#2984));
#2984 = ORIENTED_EDGE('',*,*,#2985,.T.);
#2985 = EDGE_CURVE('',#2986,#2986,#2988,.T.);
#2986 = VERTEX_POINT('',#2987);
#2987 = CARTESIAN_POINT('',(163.602944,-58.447056,0.));
#2988 = CIRCLE('',#2989,0.25);
#2989 = AXIS2_PLACEMENT_3D('',#2990,#2991,#2992);
#2990 = CARTESIAN_POINT('',(163.602944,-58.197056,0.));
#2991 = DIRECTION('',(-0.,0.,-1.));
#2992 = DIRECTION('',(-0.,-1.,0.));
#2993 = FACE_BOUND('',#2994,.F.);
#2994 = EDGE_LOOP('',(#2995));
#2995 = ORIENTED_EDGE('',*,*,#2996,.T.);
#2996 = EDGE_CURVE('',#2997,#2997,#2999,.T.);
#2997 = VERTEX_POINT('',#2998);
#2998 = CARTESIAN_POINT('',(166.997056,-58.447056,0.));
#2999 = CIRCLE('',#3000,0.25);
#3000 = AXIS2_PLACEMENT_3D('',#3001,#3002,#3003);
#3001 = CARTESIAN_POINT('',(166.997056,-58.197056,0.));
#3002 = DIRECTION('',(-0.,0.,-1.));
#3003 = DIRECTION('',(-0.,-1.,0.));
#3004 = FACE_BOUND('',#3005,.F.);
#3005 = EDGE_LOOP('',(#3006));
#3006 = ORIENTED_EDGE('',*,*,#3007,.T.);
#3007 = EDGE_CURVE('',#3008,#3008,#3010,.T.);
#3008 = VERTEX_POINT('',#3009);
#3009 = CARTESIAN_POINT('',(162.9,-56.75,0.));
#3010 = CIRCLE('',#3011,0.25);
#3011 = AXIS2_PLACEMENT_3D('',#3012,#3013,#3014);
#3012 = CARTESIAN_POINT('',(162.9,-56.5,0.));
#3013 = DIRECTION('',(-0.,0.,-1.));
#3014 = DIRECTION('',(-0.,-1.,0.));
#3015 = FACE_BOUND('',#3016,.F.);
#3016 = EDGE_LOOP('',(#3017));
#3017 = ORIENTED_EDGE('',*,*,#3018,.T.);
#3018 = EDGE_CURVE('',#3019,#3019,#3021,.T.);
#3019 = VERTEX_POINT('',#3020);
#3020 = CARTESIAN_POINT('',(165.3,-58.1,0.));
#3021 = CIRCLE('',#3022,1.6);
#3022 = AXIS2_PLACEMENT_3D('',#3023,#3024,#3025);
#3023 = CARTESIAN_POINT('',(165.3,-56.5,0.));
#3024 = DIRECTION('',(-0.,0.,-1.));
#3025 = DIRECTION('',(-0.,-1.,0.));
#3026 = FACE_BOUND('',#3027,.F.);
#3027 = EDGE_LOOP('',(#3028));
#3028 = ORIENTED_EDGE('',*,*,#3029,.T.);
#3029 = EDGE_CURVE('',#3030,#3030,#3032,.T.);
#3030 = VERTEX_POINT('',#3031);
#3031 = CARTESIAN_POINT('',(167.7,-56.75,0.));
#3032 = CIRCLE('',#3033,0.25);
#3033 = AXIS2_PLACEMENT_3D('',#3034,#3035,#3036);
#3034 = CARTESIAN_POINT('',(167.7,-56.5,0.));
#3035 = DIRECTION('',(-0.,0.,-1.));
#3036 = DIRECTION('',(-0.,-1.,0.));
#3037 = FACE_BOUND('',#3038,.F.);
#3038 = EDGE_LOOP('',(#3039));
#3039 = ORIENTED_EDGE('',*,*,#3040,.T.);
#3040 = EDGE_CURVE('',#3041,#3041,#3043,.T.);
#3041 = VERTEX_POINT('',#3042);
#3042 = CARTESIAN_POINT('',(163.602944,-55.052944,0.));
#3043 = CIRCLE('',#3044,0.25);
#3044 = AXIS2_PLACEMENT_3D('',#3045,#3046,#3047);
#3045 = CARTESIAN_POINT('',(163.602944,-54.802944,0.));
#3046 = DIRECTION('',(-0.,0.,-1.));
#3047 = DIRECTION('',(-0.,-1.,0.));
#3048 = FACE_BOUND('',#3049,.F.);
#3049 = EDGE_LOOP('',(#3050));
#3050 = ORIENTED_EDGE('',*,*,#3051,.T.);
#3051 = EDGE_CURVE('',#3052,#3052,#3054,.T.);
#3052 = VERTEX_POINT('',#3053);
#3053 = CARTESIAN_POINT('',(165.3,-54.35,0.));
#3054 = CIRCLE('',#3055,0.25);
#3055 = AXIS2_PLACEMENT_3D('',#3056,#3057,#3058);
#3056 = CARTESIAN_POINT('',(165.3,-54.1,0.));
#3057 = DIRECTION('',(-0.,0.,-1.));
#3058 = DIRECTION('',(-0.,-1.,0.));
#3059 = FACE_BOUND('',#3060,.F.);
#3060 = EDGE_LOOP('',(#3061));
#3061 = ORIENTED_EDGE('',*,*,#3062,.T.);
#3062 = EDGE_CURVE('',#3063,#3063,#3065,.T.);
#3063 = VERTEX_POINT('',#3064);
#3064 = CARTESIAN_POINT('',(166.997056,-55.052944,0.));
#3065 = CIRCLE('',#3066,0.25);
#3066 = AXIS2_PLACEMENT_3D('',#3067,#3068,#3069);
#3067 = CARTESIAN_POINT('',(166.997056,-54.802944,0.));
#3068 = DIRECTION('',(-0.,0.,-1.));
#3069 = DIRECTION('',(-0.,-1.,0.));
#3070 = FACE_BOUND('',#3071,.F.);
#3071 = EDGE_LOOP('',(#3072));
#3072 = ORIENTED_EDGE('',*,*,#3073,.T.);
#3073 = EDGE_CURVE('',#3074,#3074,#3076,.T.);
#3074 = VERTEX_POINT('',#3075);
#3075 = CARTESIAN_POINT('',(147.98,-45.5,0.));
#3076 = CIRCLE('',#3077,0.6);
#3077 = AXIS2_PLACEMENT_3D('',#3078,#3079,#3080);
#3078 = CARTESIAN_POINT('',(147.98,-44.9,0.));
#3079 = DIRECTION('',(-0.,0.,-1.));
#3080 = DIRECTION('',(-4.736951571734E-14,-1.,0.));
#3081 = FACE_BOUND('',#3082,.F.);
#3082 = EDGE_LOOP('',(#3083));
#3083 = ORIENTED_EDGE('',*,*,#3084,.T.);
#3084 = EDGE_CURVE('',#3085,#3085,#3087,.T.);
#3085 = VERTEX_POINT('',#3086);
#3086 = CARTESIAN_POINT('',(156.5,-44.,0.));
#3087 = CIRCLE('',#3088,0.5);
#3088 = AXIS2_PLACEMENT_3D('',#3089,#3090,#3091);
#3089 = CARTESIAN_POINT('',(156.5,-43.5,0.));
#3090 = DIRECTION('',(-0.,0.,-1.));
#3091 = DIRECTION('',(-0.,-1.,0.));
#3092 = FACE_BOUND('',#3093,.F.);
#3093 = EDGE_LOOP('',(#3094));
#3094 = ORIENTED_EDGE('',*,*,#3095,.T.);
#3095 = EDGE_CURVE('',#3096,#3096,#3098,.T.);
#3096 = VERTEX_POINT('',#3097);
#3097 = CARTESIAN_POINT('',(166.1,-41.6,0.));
#3098 = CIRCLE('',#3099,1.6);
#3099 = AXIS2_PLACEMENT_3D('',#3100,#3101,#3102);
#3100 = CARTESIAN_POINT('',(166.1,-40.,0.));
#3101 = DIRECTION('',(-0.,0.,-1.));
#3102 = DIRECTION('',(-0.,-1.,0.));
#3103 = PLANE('',#3104);
#3104 = AXIS2_PLACEMENT_3D('',#3105,#3106,#3107);
#3105 = CARTESIAN_POINT('',(0.,0.,0.));
#3106 = DIRECTION('',(0.,0.,1.));
#3107 = DIRECTION('',(1.,0.,-0.));
#3108 = ADVANCED_FACE('',(#3109,#3155,#3166,#3177,#3188,#3199,#3210,
    #3221,#3232,#3243,#3254,#3265,#3276,#3287,#3298,#3309,#3320,#3331,
    #3342,#3353,#3364,#3375,#3386,#3397,#3408,#3419,#3430,#3441,#3452,
    #3463,#3474,#3485,#3496,#3507,#3518,#3529,#3540,#3551,#3562,#3573,
    #3584,#3595,#3606,#3617,#3628,#3639),#3650,.T.);
#3109 = FACE_BOUND('',#3110,.T.);
#3110 = EDGE_LOOP('',(#3111,#3112,#3113,#3122,#3130,#3139,#3147,#3154));
#3111 = ORIENTED_EDGE('',*,*,#2471,.F.);
#3112 = ORIENTED_EDGE('',*,*,#2513,.F.);
#3113 = ORIENTED_EDGE('',*,*,#3114,.F.);
#3114 = EDGE_CURVE('',#3115,#2506,#3117,.T.);
#3115 = VERTEX_POINT('',#3116);
#3116 = CARTESIAN_POINT('',(81.1,-40.,1.51));
#3117 = CIRCLE('',#3118,4.999999678834);
#3118 = AXIS2_PLACEMENT_3D('',#3119,#3120,#3121);
#3119 = CARTESIAN_POINT('',(86.099999678834,-39.99999967883,1.51));
#3120 = DIRECTION('',(0.,0.,-1.));
#3121 = DIRECTION('',(-1.,-6.423314275614E-08,-0.));
#3122 = ORIENTED_EDGE('',*,*,#3123,.F.);
#3123 = EDGE_CURVE('',#3124,#3115,#3126,.T.);
#3124 = VERTEX_POINT('',#3125);
#3125 = CARTESIAN_POINT('',(81.1,-92.,1.51));
#3126 = LINE('',#3127,#3128);
#3127 = CARTESIAN_POINT('',(81.1,-92.,1.51));
#3128 = VECTOR('',#3129,1.);
#3129 = DIRECTION('',(0.,1.,0.));
#3130 = ORIENTED_EDGE('',*,*,#3131,.F.);
#3131 = EDGE_CURVE('',#3132,#3124,#3134,.T.);
#3132 = VERTEX_POINT('',#3133);
#3133 = CARTESIAN_POINT('',(86.1,-97.,1.51));
#3134 = CIRCLE('',#3135,4.999999678834);
#3135 = AXIS2_PLACEMENT_3D('',#3136,#3137,#3138);
#3136 = CARTESIAN_POINT('',(86.099999678834,-92.00000032116,1.51));
#3137 = DIRECTION('',(0.,0.,-1.));
#3138 = DIRECTION('',(6.423314133505E-08,-1.,0.));
#3139 = ORIENTED_EDGE('',*,*,#3140,.F.);
#3140 = EDGE_CURVE('',#3141,#3132,#3143,.T.);
#3141 = VERTEX_POINT('',#3142);
#3142 = CARTESIAN_POINT('',(166.1,-97.,1.51));
#3143 = LINE('',#3144,#3145);
#3144 = CARTESIAN_POINT('',(166.1,-97.,1.51));
#3145 = VECTOR('',#3146,1.);
#3146 = DIRECTION('',(-1.,0.,0.));
#3147 = ORIENTED_EDGE('',*,*,#3148,.F.);
#3148 = EDGE_CURVE('',#2536,#3141,#3149,.T.);
#3149 = CIRCLE('',#3150,4.999999678834);
#3150 = AXIS2_PLACEMENT_3D('',#3151,#3152,#3153);
#3151 = CARTESIAN_POINT('',(166.10000032116,-92.00000032116,1.51));
#3152 = DIRECTION('',(0.,0.,-1.));
#3153 = DIRECTION('',(1.,6.42331470194E-08,0.));
#3154 = ORIENTED_EDGE('',*,*,#2535,.F.);
#3155 = FACE_BOUND('',#3156,.T.);
#3156 = EDGE_LOOP('',(#3157));
#3157 = ORIENTED_EDGE('',*,*,#3158,.T.);
#3158 = EDGE_CURVE('',#3159,#3159,#3161,.T.);
#3159 = VERTEX_POINT('',#3160);
#3160 = CARTESIAN_POINT('',(86.1,-93.6,1.51));
#3161 = CIRCLE('',#3162,1.6);
#3162 = AXIS2_PLACEMENT_3D('',#3163,#3164,#3165);
#3163 = CARTESIAN_POINT('',(86.1,-92.,1.51));
#3164 = DIRECTION('',(-0.,0.,-1.));
#3165 = DIRECTION('',(-0.,-1.,0.));
#3166 = FACE_BOUND('',#3167,.T.);
#3167 = EDGE_LOOP('',(#3168));
#3168 = ORIENTED_EDGE('',*,*,#3169,.T.);
#3169 = EDGE_CURVE('',#3170,#3170,#3172,.T.);
#3170 = VERTEX_POINT('',#3171);
#3171 = CARTESIAN_POINT('',(92.04,-87.7,1.51));
#3172 = CIRCLE('',#3173,0.6);
#3173 = AXIS2_PLACEMENT_3D('',#3174,#3175,#3176);
#3174 = CARTESIAN_POINT('',(92.04,-87.1,1.51));
#3175 = DIRECTION('',(-0.,0.,-1.));
#3176 = DIRECTION('',(2.368475785867E-14,-1.,-0.));
#3177 = FACE_BOUND('',#3178,.T.);
#3178 = EDGE_LOOP('',(#3179));
#3179 = ORIENTED_EDGE('',*,*,#3180,.T.);
#3180 = EDGE_CURVE('',#3181,#3181,#3183,.T.);
#3181 = VERTEX_POINT('',#3182);
#3182 = CARTESIAN_POINT('',(92.155,-73.775,1.51));
#3183 = CIRCLE('',#3184,0.6);
#3184 = AXIS2_PLACEMENT_3D('',#3185,#3186,#3187);
#3185 = CARTESIAN_POINT('',(92.155,-73.175,1.51));
#3186 = DIRECTION('',(-0.,0.,-1.));
#3187 = DIRECTION('',(-0.,-1.,0.));
#3188 = FACE_BOUND('',#3189,.T.);
#3189 = EDGE_LOOP('',(#3190));
#3190 = ORIENTED_EDGE('',*,*,#3191,.T.);
#3191 = EDGE_CURVE('',#3192,#3192,#3194,.T.);
#3192 = VERTEX_POINT('',#3193);
#3193 = CARTESIAN_POINT('',(88.6,-66.9,1.51));
#3194 = CIRCLE('',#3195,0.5);
#3195 = AXIS2_PLACEMENT_3D('',#3196,#3197,#3198);
#3196 = CARTESIAN_POINT('',(88.6,-66.4,1.51));
#3197 = DIRECTION('',(-0.,0.,-1.));
#3198 = DIRECTION('',(-0.,-1.,0.));
#3199 = FACE_BOUND('',#3200,.T.);
#3200 = EDGE_LOOP('',(#3201));
#3201 = ORIENTED_EDGE('',*,*,#3202,.T.);
#3202 = EDGE_CURVE('',#3203,#3203,#3205,.T.);
#3203 = VERTEX_POINT('',#3204);
#3204 = CARTESIAN_POINT('',(156.6,-93.775,1.51));
#3205 = CIRCLE('',#3206,1.22);
#3206 = AXIS2_PLACEMENT_3D('',#3207,#3208,#3209);
#3207 = CARTESIAN_POINT('',(156.6,-92.555,1.51));
#3208 = DIRECTION('',(-0.,0.,-1.));
#3209 = DIRECTION('',(-0.,-1.,0.));
#3210 = FACE_BOUND('',#3211,.T.);
#3211 = EDGE_LOOP('',(#3212));
#3212 = ORIENTED_EDGE('',*,*,#3213,.T.);
#3213 = EDGE_CURVE('',#3214,#3214,#3216,.T.);
#3214 = VERTEX_POINT('',#3215);
#3215 = CARTESIAN_POINT('',(147.92,-87.7,1.51));
#3216 = CIRCLE('',#3217,0.6);
#3217 = AXIS2_PLACEMENT_3D('',#3218,#3219,#3220);
#3218 = CARTESIAN_POINT('',(147.92,-87.1,1.51));
#3219 = DIRECTION('',(-0.,0.,-1.));
#3220 = DIRECTION('',(-4.736951571734E-14,-1.,0.));
#3221 = FACE_BOUND('',#3222,.T.);
#3222 = EDGE_LOOP('',(#3223));
#3223 = ORIENTED_EDGE('',*,*,#3224,.T.);
#3224 = EDGE_CURVE('',#3225,#3225,#3227,.T.);
#3225 = VERTEX_POINT('',#3226);
#3226 = CARTESIAN_POINT('',(166.1,-93.6,1.51));
#3227 = CIRCLE('',#3228,1.6);
#3228 = AXIS2_PLACEMENT_3D('',#3229,#3230,#3231);
#3229 = CARTESIAN_POINT('',(166.1,-92.,1.51));
#3230 = DIRECTION('',(-0.,0.,-1.));
#3231 = DIRECTION('',(-0.,-1.,0.));
#3232 = FACE_BOUND('',#3233,.T.);
#3233 = EDGE_LOOP('',(#3234));
#3234 = ORIENTED_EDGE('',*,*,#3235,.T.);
#3235 = EDGE_CURVE('',#3236,#3236,#3238,.T.);
#3236 = VERTEX_POINT('',#3237);
#3237 = CARTESIAN_POINT('',(156.6,-86.645,1.51));
#3238 = CIRCLE('',#3239,0.85);
#3239 = AXIS2_PLACEMENT_3D('',#3240,#3241,#3242);
#3240 = CARTESIAN_POINT('',(156.6,-85.795,1.51));
#3241 = DIRECTION('',(-0.,0.,-1.));
#3242 = DIRECTION('',(-0.,-1.,0.));
#3243 = FACE_BOUND('',#3244,.T.);
#3244 = EDGE_LOOP('',(#3245));
#3245 = ORIENTED_EDGE('',*,*,#3246,.T.);
#3246 = EDGE_CURVE('',#3247,#3247,#3249,.T.);
#3247 = VERTEX_POINT('',#3248);
#3248 = CARTESIAN_POINT('',(148.035,-73.775,1.51));
#3249 = CIRCLE('',#3250,0.6);
#3250 = AXIS2_PLACEMENT_3D('',#3251,#3252,#3253);
#3251 = CARTESIAN_POINT('',(148.035,-73.175,1.51));
#3252 = DIRECTION('',(-0.,0.,-1.));
#3253 = DIRECTION('',(-0.,-1.,0.));
#3254 = FACE_BOUND('',#3255,.T.);
#3255 = EDGE_LOOP('',(#3256));
#3256 = ORIENTED_EDGE('',*,*,#3257,.T.);
#3257 = EDGE_CURVE('',#3258,#3258,#3260,.T.);
#3258 = VERTEX_POINT('',#3259);
#3259 = CARTESIAN_POINT('',(156.6,-77.055,1.51));
#3260 = CIRCLE('',#3261,0.85);
#3261 = AXIS2_PLACEMENT_3D('',#3262,#3263,#3264);
#3262 = CARTESIAN_POINT('',(156.6,-76.205,1.51));
#3263 = DIRECTION('',(-0.,0.,-1.));
#3264 = DIRECTION('',(-0.,-1.,0.));
#3265 = FACE_BOUND('',#3266,.T.);
#3266 = EDGE_LOOP('',(#3267));
#3267 = ORIENTED_EDGE('',*,*,#3268,.T.);
#3268 = EDGE_CURVE('',#3269,#3269,#3271,.T.);
#3269 = VERTEX_POINT('',#3270);
#3270 = CARTESIAN_POINT('',(165.3,-79.05,1.51));
#3271 = CIRCLE('',#3272,0.25);
#3272 = AXIS2_PLACEMENT_3D('',#3273,#3274,#3275);
#3273 = CARTESIAN_POINT('',(165.3,-78.8,1.51));
#3274 = DIRECTION('',(-0.,0.,-1.));
#3275 = DIRECTION('',(-0.,-1.,0.));
#3276 = FACE_BOUND('',#3277,.T.);
#3277 = EDGE_LOOP('',(#3278));
#3278 = ORIENTED_EDGE('',*,*,#3279,.T.);
#3279 = EDGE_CURVE('',#3280,#3280,#3282,.T.);
#3280 = VERTEX_POINT('',#3281);
#3281 = CARTESIAN_POINT('',(163.602944,-78.347056,1.51));
#3282 = CIRCLE('',#3283,0.25);
#3283 = AXIS2_PLACEMENT_3D('',#3284,#3285,#3286);
#3284 = CARTESIAN_POINT('',(163.602944,-78.097056,1.51));
#3285 = DIRECTION('',(-0.,0.,-1.));
#3286 = DIRECTION('',(-0.,-1.,0.));
#3287 = FACE_BOUND('',#3288,.T.);
#3288 = EDGE_LOOP('',(#3289));
#3289 = ORIENTED_EDGE('',*,*,#3290,.T.);
#3290 = EDGE_CURVE('',#3291,#3291,#3293,.T.);
#3291 = VERTEX_POINT('',#3292);
#3292 = CARTESIAN_POINT('',(166.997056,-78.347056,1.51));
#3293 = CIRCLE('',#3294,0.25);
#3294 = AXIS2_PLACEMENT_3D('',#3295,#3296,#3297);
#3295 = CARTESIAN_POINT('',(166.997056,-78.097056,1.51));
#3296 = DIRECTION('',(-0.,0.,-1.));
#3297 = DIRECTION('',(-0.,-1.,0.));
#3298 = FACE_BOUND('',#3299,.T.);
#3299 = EDGE_LOOP('',(#3300));
#3300 = ORIENTED_EDGE('',*,*,#3301,.T.);
#3301 = EDGE_CURVE('',#3302,#3302,#3304,.T.);
#3302 = VERTEX_POINT('',#3303);
#3303 = CARTESIAN_POINT('',(162.9,-76.65,1.51));
#3304 = CIRCLE('',#3305,0.25);
#3305 = AXIS2_PLACEMENT_3D('',#3306,#3307,#3308);
#3306 = CARTESIAN_POINT('',(162.9,-76.4,1.51));
#3307 = DIRECTION('',(-0.,0.,-1.));
#3308 = DIRECTION('',(-0.,-1.,0.));
#3309 = FACE_BOUND('',#3310,.T.);
#3310 = EDGE_LOOP('',(#3311));
#3311 = ORIENTED_EDGE('',*,*,#3312,.T.);
#3312 = EDGE_CURVE('',#3313,#3313,#3315,.T.);
#3313 = VERTEX_POINT('',#3314);
#3314 = CARTESIAN_POINT('',(165.3,-78.,1.51));
#3315 = CIRCLE('',#3316,1.6);
#3316 = AXIS2_PLACEMENT_3D('',#3317,#3318,#3319);
#3317 = CARTESIAN_POINT('',(165.3,-76.4,1.51));
#3318 = DIRECTION('',(-0.,0.,-1.));
#3319 = DIRECTION('',(-0.,-1.,0.));
#3320 = FACE_BOUND('',#3321,.T.);
#3321 = EDGE_LOOP('',(#3322));
#3322 = ORIENTED_EDGE('',*,*,#3323,.T.);
#3323 = EDGE_CURVE('',#3324,#3324,#3326,.T.);
#3324 = VERTEX_POINT('',#3325);
#3325 = CARTESIAN_POINT('',(167.7,-76.65,1.51));
#3326 = CIRCLE('',#3327,0.25);
#3327 = AXIS2_PLACEMENT_3D('',#3328,#3329,#3330);
#3328 = CARTESIAN_POINT('',(167.7,-76.4,1.51));
#3329 = DIRECTION('',(-0.,0.,-1.));
#3330 = DIRECTION('',(-0.,-1.,0.));
#3331 = FACE_BOUND('',#3332,.T.);
#3332 = EDGE_LOOP('',(#3333));
#3333 = ORIENTED_EDGE('',*,*,#3334,.T.);
#3334 = EDGE_CURVE('',#3335,#3335,#3337,.T.);
#3335 = VERTEX_POINT('',#3336);
#3336 = CARTESIAN_POINT('',(163.602944,-74.952944,1.51));
#3337 = CIRCLE('',#3338,0.25);
#3338 = AXIS2_PLACEMENT_3D('',#3339,#3340,#3341);
#3339 = CARTESIAN_POINT('',(163.602944,-74.702944,1.51));
#3340 = DIRECTION('',(-0.,0.,-1.));
#3341 = DIRECTION('',(-0.,-1.,0.));
#3342 = FACE_BOUND('',#3343,.T.);
#3343 = EDGE_LOOP('',(#3344));
#3344 = ORIENTED_EDGE('',*,*,#3345,.T.);
#3345 = EDGE_CURVE('',#3346,#3346,#3348,.T.);
#3346 = VERTEX_POINT('',#3347);
#3347 = CARTESIAN_POINT('',(165.3,-74.25,1.51));
#3348 = CIRCLE('',#3349,0.25);
#3349 = AXIS2_PLACEMENT_3D('',#3350,#3351,#3352);
#3350 = CARTESIAN_POINT('',(165.3,-74.,1.51));
#3351 = DIRECTION('',(-0.,0.,-1.));
#3352 = DIRECTION('',(-0.,-1.,0.));
#3353 = FACE_BOUND('',#3354,.T.);
#3354 = EDGE_LOOP('',(#3355));
#3355 = ORIENTED_EDGE('',*,*,#3356,.T.);
#3356 = EDGE_CURVE('',#3357,#3357,#3359,.T.);
#3357 = VERTEX_POINT('',#3358);
#3358 = CARTESIAN_POINT('',(166.997056,-74.952944,1.51));
#3359 = CIRCLE('',#3360,0.25);
#3360 = AXIS2_PLACEMENT_3D('',#3361,#3362,#3363);
#3361 = CARTESIAN_POINT('',(166.997056,-74.702944,1.51));
#3362 = DIRECTION('',(-0.,0.,-1.));
#3363 = DIRECTION('',(-0.,-1.,0.));
#3364 = FACE_BOUND('',#3365,.T.);
#3365 = EDGE_LOOP('',(#3366));
#3366 = ORIENTED_EDGE('',*,*,#3367,.T.);
#3367 = EDGE_CURVE('',#3368,#3368,#3370,.T.);
#3368 = VERTEX_POINT('',#3369);
#3369 = CARTESIAN_POINT('',(156.6,-70.665,1.51));
#3370 = CIRCLE('',#3371,1.22);
#3371 = AXIS2_PLACEMENT_3D('',#3372,#3373,#3374);
#3372 = CARTESIAN_POINT('',(156.6,-69.445,1.51));
#3373 = DIRECTION('',(-0.,0.,-1.));
#3374 = DIRECTION('',(-0.,-1.,0.));
#3375 = FACE_BOUND('',#3376,.T.);
#3376 = EDGE_LOOP('',(#3377));
#3377 = ORIENTED_EDGE('',*,*,#3378,.T.);
#3378 = EDGE_CURVE('',#3379,#3379,#3381,.T.);
#3379 = VERTEX_POINT('',#3380);
#3380 = CARTESIAN_POINT('',(85.502944,-58.247056,1.51));
#3381 = CIRCLE('',#3382,0.25);
#3382 = AXIS2_PLACEMENT_3D('',#3383,#3384,#3385);
#3383 = CARTESIAN_POINT('',(85.502944,-57.997056,1.51));
#3384 = DIRECTION('',(-0.,0.,-1.));
#3385 = DIRECTION('',(-0.,-1.,0.));
#3386 = FACE_BOUND('',#3387,.T.);
#3387 = EDGE_LOOP('',(#3388));
#3388 = ORIENTED_EDGE('',*,*,#3389,.T.);
#3389 = EDGE_CURVE('',#3390,#3390,#3392,.T.);
#3390 = VERTEX_POINT('',#3391);
#3391 = CARTESIAN_POINT('',(87.2,-58.95,1.51));
#3392 = CIRCLE('',#3393,0.25);
#3393 = AXIS2_PLACEMENT_3D('',#3394,#3395,#3396);
#3394 = CARTESIAN_POINT('',(87.2,-58.7,1.51));
#3395 = DIRECTION('',(-0.,0.,-1.));
#3396 = DIRECTION('',(-0.,-1.,0.));
#3397 = FACE_BOUND('',#3398,.T.);
#3398 = EDGE_LOOP('',(#3399));
#3399 = ORIENTED_EDGE('',*,*,#3400,.T.);
#3400 = EDGE_CURVE('',#3401,#3401,#3403,.T.);
#3401 = VERTEX_POINT('',#3402);
#3402 = CARTESIAN_POINT('',(88.897056,-58.247056,1.51));
#3403 = CIRCLE('',#3404,0.25);
#3404 = AXIS2_PLACEMENT_3D('',#3405,#3406,#3407);
#3405 = CARTESIAN_POINT('',(88.897056,-57.997056,1.51));
#3406 = DIRECTION('',(-0.,0.,-1.));
#3407 = DIRECTION('',(-0.,-1.,0.));
#3408 = FACE_BOUND('',#3409,.T.);
#3409 = EDGE_LOOP('',(#3410));
#3410 = ORIENTED_EDGE('',*,*,#3411,.T.);
#3411 = EDGE_CURVE('',#3412,#3412,#3414,.T.);
#3412 = VERTEX_POINT('',#3413);
#3413 = CARTESIAN_POINT('',(84.8,-56.55,1.51));
#3414 = CIRCLE('',#3415,0.25);
#3415 = AXIS2_PLACEMENT_3D('',#3416,#3417,#3418);
#3416 = CARTESIAN_POINT('',(84.8,-56.3,1.51));
#3417 = DIRECTION('',(-0.,0.,-1.));
#3418 = DIRECTION('',(-0.,-1.,0.));
#3419 = FACE_BOUND('',#3420,.T.);
#3420 = EDGE_LOOP('',(#3421));
#3421 = ORIENTED_EDGE('',*,*,#3422,.T.);
#3422 = EDGE_CURVE('',#3423,#3423,#3425,.T.);
#3423 = VERTEX_POINT('',#3424);
#3424 = CARTESIAN_POINT('',(87.2,-57.9,1.51));
#3425 = CIRCLE('',#3426,1.6);
#3426 = AXIS2_PLACEMENT_3D('',#3427,#3428,#3429);
#3427 = CARTESIAN_POINT('',(87.2,-56.3,1.51));
#3428 = DIRECTION('',(-0.,0.,-1.));
#3429 = DIRECTION('',(8.881784197001E-15,-1.,-0.));
#3430 = FACE_BOUND('',#3431,.T.);
#3431 = EDGE_LOOP('',(#3432));
#3432 = ORIENTED_EDGE('',*,*,#3433,.T.);
#3433 = EDGE_CURVE('',#3434,#3434,#3436,.T.);
#3434 = VERTEX_POINT('',#3435);
#3435 = CARTESIAN_POINT('',(89.6,-56.55,1.51));
#3436 = CIRCLE('',#3437,0.25);
#3437 = AXIS2_PLACEMENT_3D('',#3438,#3439,#3440);
#3438 = CARTESIAN_POINT('',(89.6,-56.3,1.51));
#3439 = DIRECTION('',(-0.,0.,-1.));
#3440 = DIRECTION('',(-0.,-1.,0.));
#3441 = FACE_BOUND('',#3442,.T.);
#3442 = EDGE_LOOP('',(#3443));
#3443 = ORIENTED_EDGE('',*,*,#3444,.T.);
#3444 = EDGE_CURVE('',#3445,#3445,#3447,.T.);
#3445 = VERTEX_POINT('',#3446);
#3446 = CARTESIAN_POINT('',(92.155,-59.725,1.51));
#3447 = CIRCLE('',#3448,0.6);
#3448 = AXIS2_PLACEMENT_3D('',#3449,#3450,#3451);
#3449 = CARTESIAN_POINT('',(92.155,-59.125,1.51));
#3450 = DIRECTION('',(-0.,0.,-1.));
#3451 = DIRECTION('',(-0.,-1.,0.));
#3452 = FACE_BOUND('',#3453,.T.);
#3453 = EDGE_LOOP('',(#3454));
#3454 = ORIENTED_EDGE('',*,*,#3455,.T.);
#3455 = EDGE_CURVE('',#3456,#3456,#3458,.T.);
#3456 = VERTEX_POINT('',#3457);
#3457 = CARTESIAN_POINT('',(85.502944,-54.852944,1.51));
#3458 = CIRCLE('',#3459,0.25);
#3459 = AXIS2_PLACEMENT_3D('',#3460,#3461,#3462);
#3460 = CARTESIAN_POINT('',(85.502944,-54.602944,1.51));
#3461 = DIRECTION('',(-0.,0.,-1.));
#3462 = DIRECTION('',(-0.,-1.,0.));
#3463 = FACE_BOUND('',#3464,.T.);
#3464 = EDGE_LOOP('',(#3465));
#3465 = ORIENTED_EDGE('',*,*,#3466,.T.);
#3466 = EDGE_CURVE('',#3467,#3467,#3469,.T.);
#3467 = VERTEX_POINT('',#3468);
#3468 = CARTESIAN_POINT('',(88.897056,-54.852944,1.51));
#3469 = CIRCLE('',#3470,0.25);
#3470 = AXIS2_PLACEMENT_3D('',#3471,#3472,#3473);
#3471 = CARTESIAN_POINT('',(88.897056,-54.602944,1.51));
#3472 = DIRECTION('',(-0.,0.,-1.));
#3473 = DIRECTION('',(-0.,-1.,0.));
#3474 = FACE_BOUND('',#3475,.T.);
#3475 = EDGE_LOOP('',(#3476));
#3476 = ORIENTED_EDGE('',*,*,#3477,.T.);
#3477 = EDGE_CURVE('',#3478,#3478,#3480,.T.);
#3478 = VERTEX_POINT('',#3479);
#3479 = CARTESIAN_POINT('',(87.2,-54.15,1.51));
#3480 = CIRCLE('',#3481,0.25);
#3481 = AXIS2_PLACEMENT_3D('',#3482,#3483,#3484);
#3482 = CARTESIAN_POINT('',(87.2,-53.9,1.51));
#3483 = DIRECTION('',(-0.,0.,-1.));
#3484 = DIRECTION('',(-0.,-1.,0.));
#3485 = FACE_BOUND('',#3486,.T.);
#3486 = EDGE_LOOP('',(#3487));
#3487 = ORIENTED_EDGE('',*,*,#3488,.T.);
#3488 = EDGE_CURVE('',#3489,#3489,#3491,.T.);
#3489 = VERTEX_POINT('',#3490);
#3490 = CARTESIAN_POINT('',(92.1,-45.5,1.51));
#3491 = CIRCLE('',#3492,0.6);
#3492 = AXIS2_PLACEMENT_3D('',#3493,#3494,#3495);
#3493 = CARTESIAN_POINT('',(92.1,-44.9,1.51));
#3494 = DIRECTION('',(-0.,0.,-1.));
#3495 = DIRECTION('',(-0.,-1.,0.));
#3496 = FACE_BOUND('',#3497,.T.);
#3497 = EDGE_LOOP('',(#3498));
#3498 = ORIENTED_EDGE('',*,*,#3499,.T.);
#3499 = EDGE_CURVE('',#3500,#3500,#3502,.T.);
#3500 = VERTEX_POINT('',#3501);
#3501 = CARTESIAN_POINT('',(86.1,-41.6,1.51));
#3502 = CIRCLE('',#3503,1.6);
#3503 = AXIS2_PLACEMENT_3D('',#3504,#3505,#3506);
#3504 = CARTESIAN_POINT('',(86.1,-40.,1.51));
#3505 = DIRECTION('',(-0.,0.,-1.));
#3506 = DIRECTION('',(-0.,-1.,0.));
#3507 = FACE_BOUND('',#3508,.T.);
#3508 = EDGE_LOOP('',(#3509));
#3509 = ORIENTED_EDGE('',*,*,#3510,.T.);
#3510 = EDGE_CURVE('',#3511,#3511,#3513,.T.);
#3511 = VERTEX_POINT('',#3512);
#3512 = CARTESIAN_POINT('',(148.035,-59.725,1.51));
#3513 = CIRCLE('',#3514,0.6);
#3514 = AXIS2_PLACEMENT_3D('',#3515,#3516,#3517);
#3515 = CARTESIAN_POINT('',(148.035,-59.125,1.51));
#3516 = DIRECTION('',(-0.,0.,-1.));
#3517 = DIRECTION('',(-0.,-1.,0.));
#3518 = FACE_BOUND('',#3519,.T.);
#3519 = EDGE_LOOP('',(#3520));
#3520 = ORIENTED_EDGE('',*,*,#3521,.T.);
#3521 = EDGE_CURVE('',#3522,#3522,#3524,.T.);
#3522 = VERTEX_POINT('',#3523);
#3523 = CARTESIAN_POINT('',(165.3,-59.15,1.51));
#3524 = CIRCLE('',#3525,0.25);
#3525 = AXIS2_PLACEMENT_3D('',#3526,#3527,#3528);
#3526 = CARTESIAN_POINT('',(165.3,-58.9,1.51));
#3527 = DIRECTION('',(-0.,0.,-1.));
#3528 = DIRECTION('',(-0.,-1.,0.));
#3529 = FACE_BOUND('',#3530,.T.);
#3530 = EDGE_LOOP('',(#3531));
#3531 = ORIENTED_EDGE('',*,*,#3532,.T.);
#3532 = EDGE_CURVE('',#3533,#3533,#3535,.T.);
#3533 = VERTEX_POINT('',#3534);
#3534 = CARTESIAN_POINT('',(163.602944,-58.447056,1.51));
#3535 = CIRCLE('',#3536,0.25);
#3536 = AXIS2_PLACEMENT_3D('',#3537,#3538,#3539);
#3537 = CARTESIAN_POINT('',(163.602944,-58.197056,1.51));
#3538 = DIRECTION('',(-0.,0.,-1.));
#3539 = DIRECTION('',(-0.,-1.,0.));
#3540 = FACE_BOUND('',#3541,.T.);
#3541 = EDGE_LOOP('',(#3542));
#3542 = ORIENTED_EDGE('',*,*,#3543,.T.);
#3543 = EDGE_CURVE('',#3544,#3544,#3546,.T.);
#3544 = VERTEX_POINT('',#3545);
#3545 = CARTESIAN_POINT('',(166.997056,-58.447056,1.51));
#3546 = CIRCLE('',#3547,0.25);
#3547 = AXIS2_PLACEMENT_3D('',#3548,#3549,#3550);
#3548 = CARTESIAN_POINT('',(166.997056,-58.197056,1.51));
#3549 = DIRECTION('',(-0.,0.,-1.));
#3550 = DIRECTION('',(-0.,-1.,0.));
#3551 = FACE_BOUND('',#3552,.T.);
#3552 = EDGE_LOOP('',(#3553));
#3553 = ORIENTED_EDGE('',*,*,#3554,.T.);
#3554 = EDGE_CURVE('',#3555,#3555,#3557,.T.);
#3555 = VERTEX_POINT('',#3556);
#3556 = CARTESIAN_POINT('',(162.9,-56.75,1.51));
#3557 = CIRCLE('',#3558,0.25);
#3558 = AXIS2_PLACEMENT_3D('',#3559,#3560,#3561);
#3559 = CARTESIAN_POINT('',(162.9,-56.5,1.51));
#3560 = DIRECTION('',(-0.,0.,-1.));
#3561 = DIRECTION('',(-0.,-1.,0.));
#3562 = FACE_BOUND('',#3563,.T.);
#3563 = EDGE_LOOP('',(#3564));
#3564 = ORIENTED_EDGE('',*,*,#3565,.T.);
#3565 = EDGE_CURVE('',#3566,#3566,#3568,.T.);
#3566 = VERTEX_POINT('',#3567);
#3567 = CARTESIAN_POINT('',(165.3,-58.1,1.51));
#3568 = CIRCLE('',#3569,1.6);
#3569 = AXIS2_PLACEMENT_3D('',#3570,#3571,#3572);
#3570 = CARTESIAN_POINT('',(165.3,-56.5,1.51));
#3571 = DIRECTION('',(-0.,0.,-1.));
#3572 = DIRECTION('',(-0.,-1.,0.));
#3573 = FACE_BOUND('',#3574,.T.);
#3574 = EDGE_LOOP('',(#3575));
#3575 = ORIENTED_EDGE('',*,*,#3576,.T.);
#3576 = EDGE_CURVE('',#3577,#3577,#3579,.T.);
#3577 = VERTEX_POINT('',#3578);
#3578 = CARTESIAN_POINT('',(167.7,-56.75,1.51));
#3579 = CIRCLE('',#3580,0.25);
#3580 = AXIS2_PLACEMENT_3D('',#3581,#3582,#3583);
#3581 = CARTESIAN_POINT('',(167.7,-56.5,1.51));
#3582 = DIRECTION('',(-0.,0.,-1.));
#3583 = DIRECTION('',(-0.,-1.,0.));
#3584 = FACE_BOUND('',#3585,.T.);
#3585 = EDGE_LOOP('',(#3586));
#3586 = ORIENTED_EDGE('',*,*,#3587,.T.);
#3587 = EDGE_CURVE('',#3588,#3588,#3590,.T.);
#3588 = VERTEX_POINT('',#3589);
#3589 = CARTESIAN_POINT('',(163.602944,-55.052944,1.51));
#3590 = CIRCLE('',#3591,0.25);
#3591 = AXIS2_PLACEMENT_3D('',#3592,#3593,#3594);
#3592 = CARTESIAN_POINT('',(163.602944,-54.802944,1.51));
#3593 = DIRECTION('',(-0.,0.,-1.));
#3594 = DIRECTION('',(-0.,-1.,0.));
#3595 = FACE_BOUND('',#3596,.T.);
#3596 = EDGE_LOOP('',(#3597));
#3597 = ORIENTED_EDGE('',*,*,#3598,.T.);
#3598 = EDGE_CURVE('',#3599,#3599,#3601,.T.);
#3599 = VERTEX_POINT('',#3600);
#3600 = CARTESIAN_POINT('',(165.3,-54.35,1.51));
#3601 = CIRCLE('',#3602,0.25);
#3602 = AXIS2_PLACEMENT_3D('',#3603,#3604,#3605);
#3603 = CARTESIAN_POINT('',(165.3,-54.1,1.51));
#3604 = DIRECTION('',(-0.,0.,-1.));
#3605 = DIRECTION('',(-0.,-1.,0.));
#3606 = FACE_BOUND('',#3607,.T.);
#3607 = EDGE_LOOP('',(#3608));
#3608 = ORIENTED_EDGE('',*,*,#3609,.T.);
#3609 = EDGE_CURVE('',#3610,#3610,#3612,.T.);
#3610 = VERTEX_POINT('',#3611);
#3611 = CARTESIAN_POINT('',(166.997056,-55.052944,1.51));
#3612 = CIRCLE('',#3613,0.25);
#3613 = AXIS2_PLACEMENT_3D('',#3614,#3615,#3616);
#3614 = CARTESIAN_POINT('',(166.997056,-54.802944,1.51));
#3615 = DIRECTION('',(-0.,0.,-1.));
#3616 = DIRECTION('',(-0.,-1.,0.));
#3617 = FACE_BOUND('',#3618,.T.);
#3618 = EDGE_LOOP('',(#3619));
#3619 = ORIENTED_EDGE('',*,*,#3620,.T.);
#3620 = EDGE_CURVE('',#3621,#3621,#3623,.T.);
#3621 = VERTEX_POINT('',#3622);
#3622 = CARTESIAN_POINT('',(147.98,-45.5,1.51));
#3623 = CIRCLE('',#3624,0.6);
#3624 = AXIS2_PLACEMENT_3D('',#3625,#3626,#3627);
#3625 = CARTESIAN_POINT('',(147.98,-44.9,1.51));
#3626 = DIRECTION('',(-0.,0.,-1.));
#3627 = DIRECTION('',(-4.736951571734E-14,-1.,0.));
#3628 = FACE_BOUND('',#3629,.T.);
#3629 = EDGE_LOOP('',(#3630));
#3630 = ORIENTED_EDGE('',*,*,#3631,.T.);
#3631 = EDGE_CURVE('',#3632,#3632,#3634,.T.);
#3632 = VERTEX_POINT('',#3633);
#3633 = CARTESIAN_POINT('',(156.5,-44.,1.51));
#3634 = CIRCLE('',#3635,0.5);
#3635 = AXIS2_PLACEMENT_3D('',#3636,#3637,#3638);
#3636 = CARTESIAN_POINT('',(156.5,-43.5,1.51));
#3637 = DIRECTION('',(-0.,0.,-1.));
#3638 = DIRECTION('',(-0.,-1.,0.));
#3639 = FACE_BOUND('',#3640,.T.);
#3640 = EDGE_LOOP('',(#3641));
#3641 = ORIENTED_EDGE('',*,*,#3642,.T.);
#3642 = EDGE_CURVE('',#3643,#3643,#3645,.T.);
#3643 = VERTEX_POINT('',#3644);
#3644 = CARTESIAN_POINT('',(166.1,-41.6,1.51));
#3645 = CIRCLE('',#3646,1.6);
#3646 = AXIS2_PLACEMENT_3D('',#3647,#3648,#3649);
#3647 = CARTESIAN_POINT('',(166.1,-40.,1.51));
#3648 = DIRECTION('',(-0.,0.,-1.));
#3649 = DIRECTION('',(-0.,-1.,0.));
#3650 = PLANE('',#3651);
#3651 = AXIS2_PLACEMENT_3D('',#3652,#3653,#3654);
#3652 = CARTESIAN_POINT('',(0.,0.,1.51));
#3653 = DIRECTION('',(0.,0.,1.));
#3654 = DIRECTION('',(1.,0.,-0.));
#3655 = ADVANCED_FACE('',(#3656),#3667,.T.);
#3656 = FACE_BOUND('',#3657,.T.);
#3657 = EDGE_LOOP('',(#3658,#3664,#3665,#3666));
#3658 = ORIENTED_EDGE('',*,*,#3659,.T.);
#3659 = EDGE_CURVE('',#2568,#3115,#3660,.T.);
#3660 = LINE('',#3661,#3662);
#3661 = CARTESIAN_POINT('',(81.1,-40.,0.));
#3662 = VECTOR('',#3663,1.);
#3663 = DIRECTION('',(0.,0.,1.));
#3664 = ORIENTED_EDGE('',*,*,#3114,.T.);
#3665 = ORIENTED_EDGE('',*,*,#2503,.F.);
#3666 = ORIENTED_EDGE('',*,*,#2567,.F.);
#3667 = CYLINDRICAL_SURFACE('',#3668,4.999999678834);
#3668 = AXIS2_PLACEMENT_3D('',#3669,#3670,#3671);
#3669 = CARTESIAN_POINT('',(86.099999678834,-39.99999967883,0.));
#3670 = DIRECTION('',(0.,0.,-1.));
#3671 = DIRECTION('',(-1.,-6.423314275614E-08,-0.));
#3672 = ADVANCED_FACE('',(#3673),#3684,.T.);
#3673 = FACE_BOUND('',#3674,.T.);
#3674 = EDGE_LOOP('',(#3675,#3676,#3677,#3683));
#3675 = ORIENTED_EDGE('',*,*,#2543,.T.);
#3676 = ORIENTED_EDGE('',*,*,#3148,.T.);
#3677 = ORIENTED_EDGE('',*,*,#3678,.F.);
#3678 = EDGE_CURVE('',#2594,#3141,#3679,.T.);
#3679 = LINE('',#3680,#3681);
#3680 = CARTESIAN_POINT('',(166.1,-97.,0.));
#3681 = VECTOR('',#3682,1.);
#3682 = DIRECTION('',(0.,0.,1.));
#3683 = ORIENTED_EDGE('',*,*,#2601,.F.);
#3684 = CYLINDRICAL_SURFACE('',#3685,4.999999678834);
#3685 = AXIS2_PLACEMENT_3D('',#3686,#3687,#3688);
#3686 = CARTESIAN_POINT('',(166.10000032116,-92.00000032116,0.));
#3687 = DIRECTION('',(0.,0.,-1.));
#3688 = DIRECTION('',(1.,6.42331470194E-08,0.));
#3689 = ADVANCED_FACE('',(#3690),#3701,.T.);
#3690 = FACE_BOUND('',#3691,.T.);
#3691 = EDGE_LOOP('',(#3692,#3698,#3699,#3700));
#3692 = ORIENTED_EDGE('',*,*,#3693,.T.);
#3693 = EDGE_CURVE('',#2577,#3124,#3694,.T.);
#3694 = LINE('',#3695,#3696);
#3695 = CARTESIAN_POINT('',(81.1,-92.,0.));
#3696 = VECTOR('',#3697,1.);
#3697 = DIRECTION('',(0.,0.,1.));
#3698 = ORIENTED_EDGE('',*,*,#3123,.T.);
#3699 = ORIENTED_EDGE('',*,*,#3659,.F.);
#3700 = ORIENTED_EDGE('',*,*,#2576,.F.);
#3701 = PLANE('',#3702);
#3702 = AXIS2_PLACEMENT_3D('',#3703,#3704,#3705);
#3703 = CARTESIAN_POINT('',(81.1,-92.,0.));
#3704 = DIRECTION('',(-1.,0.,0.));
#3705 = DIRECTION('',(0.,1.,0.));
#3706 = ADVANCED_FACE('',(#3707),#3718,.T.);
#3707 = FACE_BOUND('',#3708,.T.);
#3708 = EDGE_LOOP('',(#3709,#3710,#3711,#3717));
#3709 = ORIENTED_EDGE('',*,*,#3678,.T.);
#3710 = ORIENTED_EDGE('',*,*,#3140,.T.);
#3711 = ORIENTED_EDGE('',*,*,#3712,.F.);
#3712 = EDGE_CURVE('',#2585,#3132,#3713,.T.);
#3713 = LINE('',#3714,#3715);
#3714 = CARTESIAN_POINT('',(86.1,-97.,0.));
#3715 = VECTOR('',#3716,1.);
#3716 = DIRECTION('',(0.,0.,1.));
#3717 = ORIENTED_EDGE('',*,*,#2593,.F.);
#3718 = PLANE('',#3719);
#3719 = AXIS2_PLACEMENT_3D('',#3720,#3721,#3722);
#3720 = CARTESIAN_POINT('',(166.1,-97.,0.));
#3721 = DIRECTION('',(0.,-1.,0.));
#3722 = DIRECTION('',(-1.,0.,0.));
#3723 = ADVANCED_FACE('',(#3724),#3730,.T.);
#3724 = FACE_BOUND('',#3725,.T.);
#3725 = EDGE_LOOP('',(#3726,#3727,#3728,#3729));
#3726 = ORIENTED_EDGE('',*,*,#3712,.T.);
#3727 = ORIENTED_EDGE('',*,*,#3131,.T.);
#3728 = ORIENTED_EDGE('',*,*,#3693,.F.);
#3729 = ORIENTED_EDGE('',*,*,#2584,.F.);
#3730 = CYLINDRICAL_SURFACE('',#3731,4.999999678834);
#3731 = AXIS2_PLACEMENT_3D('',#3732,#3733,#3734);
#3732 = CARTESIAN_POINT('',(86.099999678834,-92.00000032116,0.));
#3733 = DIRECTION('',(0.,0.,-1.));
#3734 = DIRECTION('',(6.423314133505E-08,-1.,0.));
#3735 = ADVANCED_FACE('',(#3736),#3747,.F.);
#3736 = FACE_BOUND('',#3737,.T.);
#3737 = EDGE_LOOP('',(#3738,#3739,#3745,#3746));
#3738 = ORIENTED_EDGE('',*,*,#2611,.T.);
#3739 = ORIENTED_EDGE('',*,*,#3740,.T.);
#3740 = EDGE_CURVE('',#2612,#3159,#3741,.T.);
#3741 = LINE('',#3742,#3743);
#3742 = CARTESIAN_POINT('',(86.1,-93.6,-4.6E-02));
#3743 = VECTOR('',#3744,1.);
#3744 = DIRECTION('',(0.,0.,1.));
#3745 = ORIENTED_EDGE('',*,*,#3158,.F.);
#3746 = ORIENTED_EDGE('',*,*,#3740,.F.);
#3747 = CYLINDRICAL_SURFACE('',#3748,1.6);
#3748 = AXIS2_PLACEMENT_3D('',#3749,#3750,#3751);
#3749 = CARTESIAN_POINT('',(86.1,-92.,-4.6E-02));
#3750 = DIRECTION('',(-0.,-0.,-1.));
#3751 = DIRECTION('',(-0.,-1.,0.));
#3752 = ADVANCED_FACE('',(#3753),#3764,.F.);
#3753 = FACE_BOUND('',#3754,.T.);
#3754 = EDGE_LOOP('',(#3755,#3756,#3762,#3763));
#3755 = ORIENTED_EDGE('',*,*,#2622,.T.);
#3756 = ORIENTED_EDGE('',*,*,#3757,.T.);
#3757 = EDGE_CURVE('',#2623,#3170,#3758,.T.);
#3758 = LINE('',#3759,#3760);
#3759 = CARTESIAN_POINT('',(92.04,-87.7,-4.6E-02));
#3760 = VECTOR('',#3761,1.);
#3761 = DIRECTION('',(0.,0.,1.));
#3762 = ORIENTED_EDGE('',*,*,#3169,.F.);
#3763 = ORIENTED_EDGE('',*,*,#3757,.F.);
#3764 = CYLINDRICAL_SURFACE('',#3765,0.6);
#3765 = AXIS2_PLACEMENT_3D('',#3766,#3767,#3768);
#3766 = CARTESIAN_POINT('',(92.04,-87.1,-4.6E-02));
#3767 = DIRECTION('',(-0.,0.,-1.));
#3768 = DIRECTION('',(2.368475785867E-14,-1.,-0.));
#3769 = ADVANCED_FACE('',(#3770),#3781,.F.);
#3770 = FACE_BOUND('',#3771,.T.);
#3771 = EDGE_LOOP('',(#3772,#3773,#3779,#3780));
#3772 = ORIENTED_EDGE('',*,*,#2633,.T.);
#3773 = ORIENTED_EDGE('',*,*,#3774,.T.);
#3774 = EDGE_CURVE('',#2634,#3181,#3775,.T.);
#3775 = LINE('',#3776,#3777);
#3776 = CARTESIAN_POINT('',(92.155,-73.775,-4.6E-02));
#3777 = VECTOR('',#3778,1.);
#3778 = DIRECTION('',(0.,0.,1.));
#3779 = ORIENTED_EDGE('',*,*,#3180,.F.);
#3780 = ORIENTED_EDGE('',*,*,#3774,.F.);
#3781 = CYLINDRICAL_SURFACE('',#3782,0.6);
#3782 = AXIS2_PLACEMENT_3D('',#3783,#3784,#3785);
#3783 = CARTESIAN_POINT('',(92.155,-73.175,-4.6E-02));
#3784 = DIRECTION('',(-0.,-0.,-1.));
#3785 = DIRECTION('',(-0.,-1.,0.));
#3786 = ADVANCED_FACE('',(#3787),#3798,.F.);
#3787 = FACE_BOUND('',#3788,.T.);
#3788 = EDGE_LOOP('',(#3789,#3790,#3796,#3797));
#3789 = ORIENTED_EDGE('',*,*,#2644,.T.);
#3790 = ORIENTED_EDGE('',*,*,#3791,.T.);
#3791 = EDGE_CURVE('',#2645,#3192,#3792,.T.);
#3792 = LINE('',#3793,#3794);
#3793 = CARTESIAN_POINT('',(88.6,-66.9,-4.6E-02));
#3794 = VECTOR('',#3795,1.);
#3795 = DIRECTION('',(0.,0.,1.));
#3796 = ORIENTED_EDGE('',*,*,#3191,.F.);
#3797 = ORIENTED_EDGE('',*,*,#3791,.F.);
#3798 = CYLINDRICAL_SURFACE('',#3799,0.5);
#3799 = AXIS2_PLACEMENT_3D('',#3800,#3801,#3802);
#3800 = CARTESIAN_POINT('',(88.6,-66.4,-4.6E-02));
#3801 = DIRECTION('',(-0.,-0.,-1.));
#3802 = DIRECTION('',(-0.,-1.,0.));
#3803 = ADVANCED_FACE('',(#3804),#3815,.F.);
#3804 = FACE_BOUND('',#3805,.T.);
#3805 = EDGE_LOOP('',(#3806,#3807,#3813,#3814));
#3806 = ORIENTED_EDGE('',*,*,#2655,.T.);
#3807 = ORIENTED_EDGE('',*,*,#3808,.T.);
#3808 = EDGE_CURVE('',#2656,#3203,#3809,.T.);
#3809 = LINE('',#3810,#3811);
#3810 = CARTESIAN_POINT('',(156.6,-93.775,-4.6E-02));
#3811 = VECTOR('',#3812,1.);
#3812 = DIRECTION('',(0.,0.,1.));
#3813 = ORIENTED_EDGE('',*,*,#3202,.F.);
#3814 = ORIENTED_EDGE('',*,*,#3808,.F.);
#3815 = CYLINDRICAL_SURFACE('',#3816,1.22);
#3816 = AXIS2_PLACEMENT_3D('',#3817,#3818,#3819);
#3817 = CARTESIAN_POINT('',(156.6,-92.555,-4.6E-02));
#3818 = DIRECTION('',(-0.,-0.,-1.));
#3819 = DIRECTION('',(-0.,-1.,0.));
#3820 = ADVANCED_FACE('',(#3821),#3832,.F.);
#3821 = FACE_BOUND('',#3822,.T.);
#3822 = EDGE_LOOP('',(#3823,#3824,#3830,#3831));
#3823 = ORIENTED_EDGE('',*,*,#2666,.T.);
#3824 = ORIENTED_EDGE('',*,*,#3825,.T.);
#3825 = EDGE_CURVE('',#2667,#3214,#3826,.T.);
#3826 = LINE('',#3827,#3828);
#3827 = CARTESIAN_POINT('',(147.92,-87.7,-4.6E-02));
#3828 = VECTOR('',#3829,1.);
#3829 = DIRECTION('',(0.,0.,1.));
#3830 = ORIENTED_EDGE('',*,*,#3213,.F.);
#3831 = ORIENTED_EDGE('',*,*,#3825,.F.);
#3832 = CYLINDRICAL_SURFACE('',#3833,0.6);
#3833 = AXIS2_PLACEMENT_3D('',#3834,#3835,#3836);
#3834 = CARTESIAN_POINT('',(147.92,-87.1,-4.6E-02));
#3835 = DIRECTION('',(-0.,-0.,-1.));
#3836 = DIRECTION('',(-4.736951571734E-14,-1.,0.));
#3837 = ADVANCED_FACE('',(#3838),#3849,.F.);
#3838 = FACE_BOUND('',#3839,.T.);
#3839 = EDGE_LOOP('',(#3840,#3841,#3847,#3848));
#3840 = ORIENTED_EDGE('',*,*,#2677,.T.);
#3841 = ORIENTED_EDGE('',*,*,#3842,.T.);
#3842 = EDGE_CURVE('',#2678,#3225,#3843,.T.);
#3843 = LINE('',#3844,#3845);
#3844 = CARTESIAN_POINT('',(166.1,-93.6,-4.6E-02));
#3845 = VECTOR('',#3846,1.);
#3846 = DIRECTION('',(0.,0.,1.));
#3847 = ORIENTED_EDGE('',*,*,#3224,.F.);
#3848 = ORIENTED_EDGE('',*,*,#3842,.F.);
#3849 = CYLINDRICAL_SURFACE('',#3850,1.6);
#3850 = AXIS2_PLACEMENT_3D('',#3851,#3852,#3853);
#3851 = CARTESIAN_POINT('',(166.1,-92.,-4.6E-02));
#3852 = DIRECTION('',(-0.,-0.,-1.));
#3853 = DIRECTION('',(-0.,-1.,0.));
#3854 = ADVANCED_FACE('',(#3855),#3866,.F.);
#3855 = FACE_BOUND('',#3856,.T.);
#3856 = EDGE_LOOP('',(#3857,#3858,#3864,#3865));
#3857 = ORIENTED_EDGE('',*,*,#2688,.T.);
#3858 = ORIENTED_EDGE('',*,*,#3859,.T.);
#3859 = EDGE_CURVE('',#2689,#3236,#3860,.T.);
#3860 = LINE('',#3861,#3862);
#3861 = CARTESIAN_POINT('',(156.6,-86.645,-4.6E-02));
#3862 = VECTOR('',#3863,1.);
#3863 = DIRECTION('',(0.,0.,1.));
#3864 = ORIENTED_EDGE('',*,*,#3235,.F.);
#3865 = ORIENTED_EDGE('',*,*,#3859,.F.);
#3866 = CYLINDRICAL_SURFACE('',#3867,0.85);
#3867 = AXIS2_PLACEMENT_3D('',#3868,#3869,#3870);
#3868 = CARTESIAN_POINT('',(156.6,-85.795,-4.6E-02));
#3869 = DIRECTION('',(-0.,-0.,-1.));
#3870 = DIRECTION('',(-0.,-1.,0.));
#3871 = ADVANCED_FACE('',(#3872),#3883,.F.);
#3872 = FACE_BOUND('',#3873,.T.);
#3873 = EDGE_LOOP('',(#3874,#3875,#3881,#3882));
#3874 = ORIENTED_EDGE('',*,*,#2699,.T.);
#3875 = ORIENTED_EDGE('',*,*,#3876,.T.);
#3876 = EDGE_CURVE('',#2700,#3247,#3877,.T.);
#3877 = LINE('',#3878,#3879);
#3878 = CARTESIAN_POINT('',(148.035,-73.775,-4.6E-02));
#3879 = VECTOR('',#3880,1.);
#3880 = DIRECTION('',(0.,0.,1.));
#3881 = ORIENTED_EDGE('',*,*,#3246,.F.);
#3882 = ORIENTED_EDGE('',*,*,#3876,.F.);
#3883 = CYLINDRICAL_SURFACE('',#3884,0.6);
#3884 = AXIS2_PLACEMENT_3D('',#3885,#3886,#3887);
#3885 = CARTESIAN_POINT('',(148.035,-73.175,-4.6E-02));
#3886 = DIRECTION('',(-0.,-0.,-1.));
#3887 = DIRECTION('',(-0.,-1.,0.));
#3888 = ADVANCED_FACE('',(#3889),#3900,.F.);
#3889 = FACE_BOUND('',#3890,.T.);
#3890 = EDGE_LOOP('',(#3891,#3892,#3898,#3899));
#3891 = ORIENTED_EDGE('',*,*,#2710,.T.);
#3892 = ORIENTED_EDGE('',*,*,#3893,.T.);
#3893 = EDGE_CURVE('',#2711,#3258,#3894,.T.);
#3894 = LINE('',#3895,#3896);
#3895 = CARTESIAN_POINT('',(156.6,-77.055,-4.6E-02));
#3896 = VECTOR('',#3897,1.);
#3897 = DIRECTION('',(0.,0.,1.));
#3898 = ORIENTED_EDGE('',*,*,#3257,.F.);
#3899 = ORIENTED_EDGE('',*,*,#3893,.F.);
#3900 = CYLINDRICAL_SURFACE('',#3901,0.85);
#3901 = AXIS2_PLACEMENT_3D('',#3902,#3903,#3904);
#3902 = CARTESIAN_POINT('',(156.6,-76.205,-4.6E-02));
#3903 = DIRECTION('',(-0.,-0.,-1.));
#3904 = DIRECTION('',(-0.,-1.,0.));
#3905 = ADVANCED_FACE('',(#3906),#3917,.F.);
#3906 = FACE_BOUND('',#3907,.T.);
#3907 = EDGE_LOOP('',(#3908,#3909,#3915,#3916));
#3908 = ORIENTED_EDGE('',*,*,#2721,.T.);
#3909 = ORIENTED_EDGE('',*,*,#3910,.T.);
#3910 = EDGE_CURVE('',#2722,#3269,#3911,.T.);
#3911 = LINE('',#3912,#3913);
#3912 = CARTESIAN_POINT('',(165.3,-79.05,-4.6E-02));
#3913 = VECTOR('',#3914,1.);
#3914 = DIRECTION('',(0.,0.,1.));
#3915 = ORIENTED_EDGE('',*,*,#3268,.F.);
#3916 = ORIENTED_EDGE('',*,*,#3910,.F.);
#3917 = CYLINDRICAL_SURFACE('',#3918,0.25);
#3918 = AXIS2_PLACEMENT_3D('',#3919,#3920,#3921);
#3919 = CARTESIAN_POINT('',(165.3,-78.8,-4.6E-02));
#3920 = DIRECTION('',(-0.,-0.,-1.));
#3921 = DIRECTION('',(-0.,-1.,0.));
#3922 = ADVANCED_FACE('',(#3923),#3934,.F.);
#3923 = FACE_BOUND('',#3924,.T.);
#3924 = EDGE_LOOP('',(#3925,#3926,#3932,#3933));
#3925 = ORIENTED_EDGE('',*,*,#2732,.T.);
#3926 = ORIENTED_EDGE('',*,*,#3927,.T.);
#3927 = EDGE_CURVE('',#2733,#3280,#3928,.T.);
#3928 = LINE('',#3929,#3930);
#3929 = CARTESIAN_POINT('',(163.602944,-78.347056,-4.6E-02));
#3930 = VECTOR('',#3931,1.);
#3931 = DIRECTION('',(0.,0.,1.));
#3932 = ORIENTED_EDGE('',*,*,#3279,.F.);
#3933 = ORIENTED_EDGE('',*,*,#3927,.F.);
#3934 = CYLINDRICAL_SURFACE('',#3935,0.25);
#3935 = AXIS2_PLACEMENT_3D('',#3936,#3937,#3938);
#3936 = CARTESIAN_POINT('',(163.602944,-78.097056,-4.6E-02));
#3937 = DIRECTION('',(-0.,-0.,-1.));
#3938 = DIRECTION('',(-0.,-1.,0.));
#3939 = ADVANCED_FACE('',(#3940),#3951,.F.);
#3940 = FACE_BOUND('',#3941,.T.);
#3941 = EDGE_LOOP('',(#3942,#3943,#3949,#3950));
#3942 = ORIENTED_EDGE('',*,*,#2743,.T.);
#3943 = ORIENTED_EDGE('',*,*,#3944,.T.);
#3944 = EDGE_CURVE('',#2744,#3291,#3945,.T.);
#3945 = LINE('',#3946,#3947);
#3946 = CARTESIAN_POINT('',(166.997056,-78.347056,-4.6E-02));
#3947 = VECTOR('',#3948,1.);
#3948 = DIRECTION('',(0.,0.,1.));
#3949 = ORIENTED_EDGE('',*,*,#3290,.F.);
#3950 = ORIENTED_EDGE('',*,*,#3944,.F.);
#3951 = CYLINDRICAL_SURFACE('',#3952,0.25);
#3952 = AXIS2_PLACEMENT_3D('',#3953,#3954,#3955);
#3953 = CARTESIAN_POINT('',(166.997056,-78.097056,-4.6E-02));
#3954 = DIRECTION('',(-0.,-0.,-1.));
#3955 = DIRECTION('',(-0.,-1.,0.));
#3956 = ADVANCED_FACE('',(#3957),#3968,.F.);
#3957 = FACE_BOUND('',#3958,.T.);
#3958 = EDGE_LOOP('',(#3959,#3960,#3966,#3967));
#3959 = ORIENTED_EDGE('',*,*,#2754,.T.);
#3960 = ORIENTED_EDGE('',*,*,#3961,.T.);
#3961 = EDGE_CURVE('',#2755,#3302,#3962,.T.);
#3962 = LINE('',#3963,#3964);
#3963 = CARTESIAN_POINT('',(162.9,-76.65,-4.6E-02));
#3964 = VECTOR('',#3965,1.);
#3965 = DIRECTION('',(0.,0.,1.));
#3966 = ORIENTED_EDGE('',*,*,#3301,.F.);
#3967 = ORIENTED_EDGE('',*,*,#3961,.F.);
#3968 = CYLINDRICAL_SURFACE('',#3969,0.25);
#3969 = AXIS2_PLACEMENT_3D('',#3970,#3971,#3972);
#3970 = CARTESIAN_POINT('',(162.9,-76.4,-4.6E-02));
#3971 = DIRECTION('',(-0.,-0.,-1.));
#3972 = DIRECTION('',(-0.,-1.,0.));
#3973 = ADVANCED_FACE('',(#3974),#3985,.F.);
#3974 = FACE_BOUND('',#3975,.T.);
#3975 = EDGE_LOOP('',(#3976,#3977,#3983,#3984));
#3976 = ORIENTED_EDGE('',*,*,#2765,.T.);
#3977 = ORIENTED_EDGE('',*,*,#3978,.T.);
#3978 = EDGE_CURVE('',#2766,#3313,#3979,.T.);
#3979 = LINE('',#3980,#3981);
#3980 = CARTESIAN_POINT('',(165.3,-78.,-4.6E-02));
#3981 = VECTOR('',#3982,1.);
#3982 = DIRECTION('',(0.,0.,1.));
#3983 = ORIENTED_EDGE('',*,*,#3312,.F.);
#3984 = ORIENTED_EDGE('',*,*,#3978,.F.);
#3985 = CYLINDRICAL_SURFACE('',#3986,1.6);
#3986 = AXIS2_PLACEMENT_3D('',#3987,#3988,#3989);
#3987 = CARTESIAN_POINT('',(165.3,-76.4,-4.6E-02));
#3988 = DIRECTION('',(-0.,-0.,-1.));
#3989 = DIRECTION('',(-0.,-1.,0.));
#3990 = ADVANCED_FACE('',(#3991),#4002,.F.);
#3991 = FACE_BOUND('',#3992,.T.);
#3992 = EDGE_LOOP('',(#3993,#3994,#4000,#4001));
#3993 = ORIENTED_EDGE('',*,*,#2776,.T.);
#3994 = ORIENTED_EDGE('',*,*,#3995,.T.);
#3995 = EDGE_CURVE('',#2777,#3324,#3996,.T.);
#3996 = LINE('',#3997,#3998);
#3997 = CARTESIAN_POINT('',(167.7,-76.65,-4.6E-02));
#3998 = VECTOR('',#3999,1.);
#3999 = DIRECTION('',(0.,0.,1.));
#4000 = ORIENTED_EDGE('',*,*,#3323,.F.);
#4001 = ORIENTED_EDGE('',*,*,#3995,.F.);
#4002 = CYLINDRICAL_SURFACE('',#4003,0.25);
#4003 = AXIS2_PLACEMENT_3D('',#4004,#4005,#4006);
#4004 = CARTESIAN_POINT('',(167.7,-76.4,-4.6E-02));
#4005 = DIRECTION('',(-0.,-0.,-1.));
#4006 = DIRECTION('',(-0.,-1.,0.));
#4007 = ADVANCED_FACE('',(#4008),#4019,.F.);
#4008 = FACE_BOUND('',#4009,.T.);
#4009 = EDGE_LOOP('',(#4010,#4011,#4017,#4018));
#4010 = ORIENTED_EDGE('',*,*,#2787,.T.);
#4011 = ORIENTED_EDGE('',*,*,#4012,.T.);
#4012 = EDGE_CURVE('',#2788,#3335,#4013,.T.);
#4013 = LINE('',#4014,#4015);
#4014 = CARTESIAN_POINT('',(163.602944,-74.952944,-4.6E-02));
#4015 = VECTOR('',#4016,1.);
#4016 = DIRECTION('',(0.,0.,1.));
#4017 = ORIENTED_EDGE('',*,*,#3334,.F.);
#4018 = ORIENTED_EDGE('',*,*,#4012,.F.);
#4019 = CYLINDRICAL_SURFACE('',#4020,0.25);
#4020 = AXIS2_PLACEMENT_3D('',#4021,#4022,#4023);
#4021 = CARTESIAN_POINT('',(163.602944,-74.702944,-4.6E-02));
#4022 = DIRECTION('',(-0.,-0.,-1.));
#4023 = DIRECTION('',(-0.,-1.,0.));
#4024 = ADVANCED_FACE('',(#4025),#4036,.F.);
#4025 = FACE_BOUND('',#4026,.T.);
#4026 = EDGE_LOOP('',(#4027,#4028,#4034,#4035));
#4027 = ORIENTED_EDGE('',*,*,#2798,.T.);
#4028 = ORIENTED_EDGE('',*,*,#4029,.T.);
#4029 = EDGE_CURVE('',#2799,#3346,#4030,.T.);
#4030 = LINE('',#4031,#4032);
#4031 = CARTESIAN_POINT('',(165.3,-74.25,-4.6E-02));
#4032 = VECTOR('',#4033,1.);
#4033 = DIRECTION('',(0.,0.,1.));
#4034 = ORIENTED_EDGE('',*,*,#3345,.F.);
#4035 = ORIENTED_EDGE('',*,*,#4029,.F.);
#4036 = CYLINDRICAL_SURFACE('',#4037,0.25);
#4037 = AXIS2_PLACEMENT_3D('',#4038,#4039,#4040);
#4038 = CARTESIAN_POINT('',(165.3,-74.,-4.6E-02));
#4039 = DIRECTION('',(-0.,-0.,-1.));
#4040 = DIRECTION('',(-0.,-1.,0.));
#4041 = ADVANCED_FACE('',(#4042),#4053,.F.);
#4042 = FACE_BOUND('',#4043,.T.);
#4043 = EDGE_LOOP('',(#4044,#4045,#4051,#4052));
#4044 = ORIENTED_EDGE('',*,*,#2809,.T.);
#4045 = ORIENTED_EDGE('',*,*,#4046,.T.);
#4046 = EDGE_CURVE('',#2810,#3357,#4047,.T.);
#4047 = LINE('',#4048,#4049);
#4048 = CARTESIAN_POINT('',(166.997056,-74.952944,-4.6E-02));
#4049 = VECTOR('',#4050,1.);
#4050 = DIRECTION('',(0.,0.,1.));
#4051 = ORIENTED_EDGE('',*,*,#3356,.F.);
#4052 = ORIENTED_EDGE('',*,*,#4046,.F.);
#4053 = CYLINDRICAL_SURFACE('',#4054,0.25);
#4054 = AXIS2_PLACEMENT_3D('',#4055,#4056,#4057);
#4055 = CARTESIAN_POINT('',(166.997056,-74.702944,-4.6E-02));
#4056 = DIRECTION('',(-0.,-0.,-1.));
#4057 = DIRECTION('',(-0.,-1.,0.));
#4058 = ADVANCED_FACE('',(#4059),#4070,.F.);
#4059 = FACE_BOUND('',#4060,.T.);
#4060 = EDGE_LOOP('',(#4061,#4062,#4068,#4069));
#4061 = ORIENTED_EDGE('',*,*,#2820,.T.);
#4062 = ORIENTED_EDGE('',*,*,#4063,.T.);
#4063 = EDGE_CURVE('',#2821,#3368,#4064,.T.);
#4064 = LINE('',#4065,#4066);
#4065 = CARTESIAN_POINT('',(156.6,-70.665,-4.6E-02));
#4066 = VECTOR('',#4067,1.);
#4067 = DIRECTION('',(0.,0.,1.));
#4068 = ORIENTED_EDGE('',*,*,#3367,.F.);
#4069 = ORIENTED_EDGE('',*,*,#4063,.F.);
#4070 = CYLINDRICAL_SURFACE('',#4071,1.22);
#4071 = AXIS2_PLACEMENT_3D('',#4072,#4073,#4074);
#4072 = CARTESIAN_POINT('',(156.6,-69.445,-4.6E-02));
#4073 = DIRECTION('',(-0.,-0.,-1.));
#4074 = DIRECTION('',(-0.,-1.,0.));
#4075 = ADVANCED_FACE('',(#4076),#4087,.F.);
#4076 = FACE_BOUND('',#4077,.T.);
#4077 = EDGE_LOOP('',(#4078,#4079,#4085,#4086));
#4078 = ORIENTED_EDGE('',*,*,#2831,.T.);
#4079 = ORIENTED_EDGE('',*,*,#4080,.T.);
#4080 = EDGE_CURVE('',#2832,#3379,#4081,.T.);
#4081 = LINE('',#4082,#4083);
#4082 = CARTESIAN_POINT('',(85.502944,-58.247056,-4.6E-02));
#4083 = VECTOR('',#4084,1.);
#4084 = DIRECTION('',(0.,0.,1.));
#4085 = ORIENTED_EDGE('',*,*,#3378,.F.);
#4086 = ORIENTED_EDGE('',*,*,#4080,.F.);
#4087 = CYLINDRICAL_SURFACE('',#4088,0.25);
#4088 = AXIS2_PLACEMENT_3D('',#4089,#4090,#4091);
#4089 = CARTESIAN_POINT('',(85.502944,-57.997056,-4.6E-02));
#4090 = DIRECTION('',(-0.,-0.,-1.));
#4091 = DIRECTION('',(-0.,-1.,0.));
#4092 = ADVANCED_FACE('',(#4093),#4104,.F.);
#4093 = FACE_BOUND('',#4094,.T.);
#4094 = EDGE_LOOP('',(#4095,#4096,#4102,#4103));
#4095 = ORIENTED_EDGE('',*,*,#2842,.T.);
#4096 = ORIENTED_EDGE('',*,*,#4097,.T.);
#4097 = EDGE_CURVE('',#2843,#3390,#4098,.T.);
#4098 = LINE('',#4099,#4100);
#4099 = CARTESIAN_POINT('',(87.2,-58.95,-4.6E-02));
#4100 = VECTOR('',#4101,1.);
#4101 = DIRECTION('',(0.,0.,1.));
#4102 = ORIENTED_EDGE('',*,*,#3389,.F.);
#4103 = ORIENTED_EDGE('',*,*,#4097,.F.);
#4104 = CYLINDRICAL_SURFACE('',#4105,0.25);
#4105 = AXIS2_PLACEMENT_3D('',#4106,#4107,#4108);
#4106 = CARTESIAN_POINT('',(87.2,-58.7,-4.6E-02));
#4107 = DIRECTION('',(-0.,-0.,-1.));
#4108 = DIRECTION('',(-0.,-1.,0.));
#4109 = ADVANCED_FACE('',(#4110),#4121,.F.);
#4110 = FACE_BOUND('',#4111,.T.);
#4111 = EDGE_LOOP('',(#4112,#4113,#4119,#4120));
#4112 = ORIENTED_EDGE('',*,*,#2853,.T.);
#4113 = ORIENTED_EDGE('',*,*,#4114,.T.);
#4114 = EDGE_CURVE('',#2854,#3401,#4115,.T.);
#4115 = LINE('',#4116,#4117);
#4116 = CARTESIAN_POINT('',(88.897056,-58.247056,-4.6E-02));
#4117 = VECTOR('',#4118,1.);
#4118 = DIRECTION('',(0.,0.,1.));
#4119 = ORIENTED_EDGE('',*,*,#3400,.F.);
#4120 = ORIENTED_EDGE('',*,*,#4114,.F.);
#4121 = CYLINDRICAL_SURFACE('',#4122,0.25);
#4122 = AXIS2_PLACEMENT_3D('',#4123,#4124,#4125);
#4123 = CARTESIAN_POINT('',(88.897056,-57.997056,-4.6E-02));
#4124 = DIRECTION('',(-0.,-0.,-1.));
#4125 = DIRECTION('',(-0.,-1.,0.));
#4126 = ADVANCED_FACE('',(#4127),#4138,.F.);
#4127 = FACE_BOUND('',#4128,.T.);
#4128 = EDGE_LOOP('',(#4129,#4130,#4136,#4137));
#4129 = ORIENTED_EDGE('',*,*,#2864,.T.);
#4130 = ORIENTED_EDGE('',*,*,#4131,.T.);
#4131 = EDGE_CURVE('',#2865,#3412,#4132,.T.);
#4132 = LINE('',#4133,#4134);
#4133 = CARTESIAN_POINT('',(84.8,-56.55,-4.6E-02));
#4134 = VECTOR('',#4135,1.);
#4135 = DIRECTION('',(0.,0.,1.));
#4136 = ORIENTED_EDGE('',*,*,#3411,.F.);
#4137 = ORIENTED_EDGE('',*,*,#4131,.F.);
#4138 = CYLINDRICAL_SURFACE('',#4139,0.25);
#4139 = AXIS2_PLACEMENT_3D('',#4140,#4141,#4142);
#4140 = CARTESIAN_POINT('',(84.8,-56.3,-4.6E-02));
#4141 = DIRECTION('',(-0.,-0.,-1.));
#4142 = DIRECTION('',(-0.,-1.,0.));
#4143 = ADVANCED_FACE('',(#4144),#4155,.F.);
#4144 = FACE_BOUND('',#4145,.T.);
#4145 = EDGE_LOOP('',(#4146,#4147,#4153,#4154));
#4146 = ORIENTED_EDGE('',*,*,#2875,.T.);
#4147 = ORIENTED_EDGE('',*,*,#4148,.T.);
#4148 = EDGE_CURVE('',#2876,#3423,#4149,.T.);
#4149 = LINE('',#4150,#4151);
#4150 = CARTESIAN_POINT('',(87.2,-57.9,-4.6E-02));
#4151 = VECTOR('',#4152,1.);
#4152 = DIRECTION('',(0.,0.,1.));
#4153 = ORIENTED_EDGE('',*,*,#3422,.F.);
#4154 = ORIENTED_EDGE('',*,*,#4148,.F.);
#4155 = CYLINDRICAL_SURFACE('',#4156,1.6);
#4156 = AXIS2_PLACEMENT_3D('',#4157,#4158,#4159);
#4157 = CARTESIAN_POINT('',(87.2,-56.3,-4.6E-02));
#4158 = DIRECTION('',(-0.,0.,-1.));
#4159 = DIRECTION('',(8.881784197001E-15,-1.,-0.));
#4160 = ADVANCED_FACE('',(#4161),#4172,.F.);
#4161 = FACE_BOUND('',#4162,.T.);
#4162 = EDGE_LOOP('',(#4163,#4164,#4170,#4171));
#4163 = ORIENTED_EDGE('',*,*,#2886,.T.);
#4164 = ORIENTED_EDGE('',*,*,#4165,.T.);
#4165 = EDGE_CURVE('',#2887,#3434,#4166,.T.);
#4166 = LINE('',#4167,#4168);
#4167 = CARTESIAN_POINT('',(89.6,-56.55,-4.6E-02));
#4168 = VECTOR('',#4169,1.);
#4169 = DIRECTION('',(0.,0.,1.));
#4170 = ORIENTED_EDGE('',*,*,#3433,.F.);
#4171 = ORIENTED_EDGE('',*,*,#4165,.F.);
#4172 = CYLINDRICAL_SURFACE('',#4173,0.25);
#4173 = AXIS2_PLACEMENT_3D('',#4174,#4175,#4176);
#4174 = CARTESIAN_POINT('',(89.6,-56.3,-4.6E-02));
#4175 = DIRECTION('',(-0.,-0.,-1.));
#4176 = DIRECTION('',(-0.,-1.,0.));
#4177 = ADVANCED_FACE('',(#4178),#4189,.F.);
#4178 = FACE_BOUND('',#4179,.T.);
#4179 = EDGE_LOOP('',(#4180,#4181,#4187,#4188));
#4180 = ORIENTED_EDGE('',*,*,#2897,.T.);
#4181 = ORIENTED_EDGE('',*,*,#4182,.T.);
#4182 = EDGE_CURVE('',#2898,#3445,#4183,.T.);
#4183 = LINE('',#4184,#4185);
#4184 = CARTESIAN_POINT('',(92.155,-59.725,-4.6E-02));
#4185 = VECTOR('',#4186,1.);
#4186 = DIRECTION('',(0.,0.,1.));
#4187 = ORIENTED_EDGE('',*,*,#3444,.F.);
#4188 = ORIENTED_EDGE('',*,*,#4182,.F.);
#4189 = CYLINDRICAL_SURFACE('',#4190,0.6);
#4190 = AXIS2_PLACEMENT_3D('',#4191,#4192,#4193);
#4191 = CARTESIAN_POINT('',(92.155,-59.125,-4.6E-02));
#4192 = DIRECTION('',(-0.,-0.,-1.));
#4193 = DIRECTION('',(-0.,-1.,0.));
#4194 = ADVANCED_FACE('',(#4195),#4206,.F.);
#4195 = FACE_BOUND('',#4196,.T.);
#4196 = EDGE_LOOP('',(#4197,#4198,#4204,#4205));
#4197 = ORIENTED_EDGE('',*,*,#2908,.T.);
#4198 = ORIENTED_EDGE('',*,*,#4199,.T.);
#4199 = EDGE_CURVE('',#2909,#3456,#4200,.T.);
#4200 = LINE('',#4201,#4202);
#4201 = CARTESIAN_POINT('',(85.502944,-54.852944,-4.6E-02));
#4202 = VECTOR('',#4203,1.);
#4203 = DIRECTION('',(0.,0.,1.));
#4204 = ORIENTED_EDGE('',*,*,#3455,.F.);
#4205 = ORIENTED_EDGE('',*,*,#4199,.F.);
#4206 = CYLINDRICAL_SURFACE('',#4207,0.25);
#4207 = AXIS2_PLACEMENT_3D('',#4208,#4209,#4210);
#4208 = CARTESIAN_POINT('',(85.502944,-54.602944,-4.6E-02));
#4209 = DIRECTION('',(-0.,-0.,-1.));
#4210 = DIRECTION('',(-0.,-1.,0.));
#4211 = ADVANCED_FACE('',(#4212),#4223,.F.);
#4212 = FACE_BOUND('',#4213,.T.);
#4213 = EDGE_LOOP('',(#4214,#4215,#4221,#4222));
#4214 = ORIENTED_EDGE('',*,*,#2919,.T.);
#4215 = ORIENTED_EDGE('',*,*,#4216,.T.);
#4216 = EDGE_CURVE('',#2920,#3467,#4217,.T.);
#4217 = LINE('',#4218,#4219);
#4218 = CARTESIAN_POINT('',(88.897056,-54.852944,-4.6E-02));
#4219 = VECTOR('',#4220,1.);
#4220 = DIRECTION('',(0.,0.,1.));
#4221 = ORIENTED_EDGE('',*,*,#3466,.F.);
#4222 = ORIENTED_EDGE('',*,*,#4216,.F.);
#4223 = CYLINDRICAL_SURFACE('',#4224,0.25);
#4224 = AXIS2_PLACEMENT_3D('',#4225,#4226,#4227);
#4225 = CARTESIAN_POINT('',(88.897056,-54.602944,-4.6E-02));
#4226 = DIRECTION('',(-0.,-0.,-1.));
#4227 = DIRECTION('',(-0.,-1.,0.));
#4228 = ADVANCED_FACE('',(#4229),#4240,.F.);
#4229 = FACE_BOUND('',#4230,.T.);
#4230 = EDGE_LOOP('',(#4231,#4232,#4238,#4239));
#4231 = ORIENTED_EDGE('',*,*,#2930,.T.);
#4232 = ORIENTED_EDGE('',*,*,#4233,.T.);
#4233 = EDGE_CURVE('',#2931,#3478,#4234,.T.);
#4234 = LINE('',#4235,#4236);
#4235 = CARTESIAN_POINT('',(87.2,-54.15,-4.6E-02));
#4236 = VECTOR('',#4237,1.);
#4237 = DIRECTION('',(0.,0.,1.));
#4238 = ORIENTED_EDGE('',*,*,#3477,.F.);
#4239 = ORIENTED_EDGE('',*,*,#4233,.F.);
#4240 = CYLINDRICAL_SURFACE('',#4241,0.25);
#4241 = AXIS2_PLACEMENT_3D('',#4242,#4243,#4244);
#4242 = CARTESIAN_POINT('',(87.2,-53.9,-4.6E-02));
#4243 = DIRECTION('',(-0.,-0.,-1.));
#4244 = DIRECTION('',(-0.,-1.,0.));
#4245 = ADVANCED_FACE('',(#4246),#4257,.F.);
#4246 = FACE_BOUND('',#4247,.T.);
#4247 = EDGE_LOOP('',(#4248,#4249,#4255,#4256));
#4248 = ORIENTED_EDGE('',*,*,#2941,.T.);
#4249 = ORIENTED_EDGE('',*,*,#4250,.T.);
#4250 = EDGE_CURVE('',#2942,#3489,#4251,.T.);
#4251 = LINE('',#4252,#4253);
#4252 = CARTESIAN_POINT('',(92.1,-45.5,-4.6E-02));
#4253 = VECTOR('',#4254,1.);
#4254 = DIRECTION('',(0.,0.,1.));
#4255 = ORIENTED_EDGE('',*,*,#3488,.F.);
#4256 = ORIENTED_EDGE('',*,*,#4250,.F.);
#4257 = CYLINDRICAL_SURFACE('',#4258,0.6);
#4258 = AXIS2_PLACEMENT_3D('',#4259,#4260,#4261);
#4259 = CARTESIAN_POINT('',(92.1,-44.9,-4.6E-02));
#4260 = DIRECTION('',(-0.,-0.,-1.));
#4261 = DIRECTION('',(-0.,-1.,0.));
#4262 = ADVANCED_FACE('',(#4263),#4274,.F.);
#4263 = FACE_BOUND('',#4264,.T.);
#4264 = EDGE_LOOP('',(#4265,#4266,#4272,#4273));
#4265 = ORIENTED_EDGE('',*,*,#2952,.T.);
#4266 = ORIENTED_EDGE('',*,*,#4267,.T.);
#4267 = EDGE_CURVE('',#2953,#3500,#4268,.T.);
#4268 = LINE('',#4269,#4270);
#4269 = CARTESIAN_POINT('',(86.1,-41.6,-4.6E-02));
#4270 = VECTOR('',#4271,1.);
#4271 = DIRECTION('',(0.,0.,1.));
#4272 = ORIENTED_EDGE('',*,*,#3499,.F.);
#4273 = ORIENTED_EDGE('',*,*,#4267,.F.);
#4274 = CYLINDRICAL_SURFACE('',#4275,1.6);
#4275 = AXIS2_PLACEMENT_3D('',#4276,#4277,#4278);
#4276 = CARTESIAN_POINT('',(86.1,-40.,-4.6E-02));
#4277 = DIRECTION('',(-0.,-0.,-1.));
#4278 = DIRECTION('',(-0.,-1.,0.));
#4279 = ADVANCED_FACE('',(#4280),#4291,.F.);
#4280 = FACE_BOUND('',#4281,.T.);
#4281 = EDGE_LOOP('',(#4282,#4283,#4289,#4290));
#4282 = ORIENTED_EDGE('',*,*,#2963,.T.);
#4283 = ORIENTED_EDGE('',*,*,#4284,.T.);
#4284 = EDGE_CURVE('',#2964,#3511,#4285,.T.);
#4285 = LINE('',#4286,#4287);
#4286 = CARTESIAN_POINT('',(148.035,-59.725,-4.6E-02));
#4287 = VECTOR('',#4288,1.);
#4288 = DIRECTION('',(0.,0.,1.));
#4289 = ORIENTED_EDGE('',*,*,#3510,.F.);
#4290 = ORIENTED_EDGE('',*,*,#4284,.F.);
#4291 = CYLINDRICAL_SURFACE('',#4292,0.6);
#4292 = AXIS2_PLACEMENT_3D('',#4293,#4294,#4295);
#4293 = CARTESIAN_POINT('',(148.035,-59.125,-4.6E-02));
#4294 = DIRECTION('',(-0.,-0.,-1.));
#4295 = DIRECTION('',(-0.,-1.,0.));
#4296 = ADVANCED_FACE('',(#4297),#4308,.F.);
#4297 = FACE_BOUND('',#4298,.T.);
#4298 = EDGE_LOOP('',(#4299,#4300,#4306,#4307));
#4299 = ORIENTED_EDGE('',*,*,#2974,.T.);
#4300 = ORIENTED_EDGE('',*,*,#4301,.T.);
#4301 = EDGE_CURVE('',#2975,#3522,#4302,.T.);
#4302 = LINE('',#4303,#4304);
#4303 = CARTESIAN_POINT('',(165.3,-59.15,-4.6E-02));
#4304 = VECTOR('',#4305,1.);
#4305 = DIRECTION('',(0.,0.,1.));
#4306 = ORIENTED_EDGE('',*,*,#3521,.F.);
#4307 = ORIENTED_EDGE('',*,*,#4301,.F.);
#4308 = CYLINDRICAL_SURFACE('',#4309,0.25);
#4309 = AXIS2_PLACEMENT_3D('',#4310,#4311,#4312);
#4310 = CARTESIAN_POINT('',(165.3,-58.9,-4.6E-02));
#4311 = DIRECTION('',(-0.,-0.,-1.));
#4312 = DIRECTION('',(-0.,-1.,0.));
#4313 = ADVANCED_FACE('',(#4314),#4325,.F.);
#4314 = FACE_BOUND('',#4315,.T.);
#4315 = EDGE_LOOP('',(#4316,#4317,#4323,#4324));
#4316 = ORIENTED_EDGE('',*,*,#2985,.T.);
#4317 = ORIENTED_EDGE('',*,*,#4318,.T.);
#4318 = EDGE_CURVE('',#2986,#3533,#4319,.T.);
#4319 = LINE('',#4320,#4321);
#4320 = CARTESIAN_POINT('',(163.602944,-58.447056,-4.6E-02));
#4321 = VECTOR('',#4322,1.);
#4322 = DIRECTION('',(0.,0.,1.));
#4323 = ORIENTED_EDGE('',*,*,#3532,.F.);
#4324 = ORIENTED_EDGE('',*,*,#4318,.F.);
#4325 = CYLINDRICAL_SURFACE('',#4326,0.25);
#4326 = AXIS2_PLACEMENT_3D('',#4327,#4328,#4329);
#4327 = CARTESIAN_POINT('',(163.602944,-58.197056,-4.6E-02));
#4328 = DIRECTION('',(-0.,-0.,-1.));
#4329 = DIRECTION('',(-0.,-1.,0.));
#4330 = ADVANCED_FACE('',(#4331),#4342,.F.);
#4331 = FACE_BOUND('',#4332,.T.);
#4332 = EDGE_LOOP('',(#4333,#4334,#4340,#4341));
#4333 = ORIENTED_EDGE('',*,*,#2996,.T.);
#4334 = ORIENTED_EDGE('',*,*,#4335,.T.);
#4335 = EDGE_CURVE('',#2997,#3544,#4336,.T.);
#4336 = LINE('',#4337,#4338);
#4337 = CARTESIAN_POINT('',(166.997056,-58.447056,-4.6E-02));
#4338 = VECTOR('',#4339,1.);
#4339 = DIRECTION('',(0.,0.,1.));
#4340 = ORIENTED_EDGE('',*,*,#3543,.F.);
#4341 = ORIENTED_EDGE('',*,*,#4335,.F.);
#4342 = CYLINDRICAL_SURFACE('',#4343,0.25);
#4343 = AXIS2_PLACEMENT_3D('',#4344,#4345,#4346);
#4344 = CARTESIAN_POINT('',(166.997056,-58.197056,-4.6E-02));
#4345 = DIRECTION('',(-0.,-0.,-1.));
#4346 = DIRECTION('',(-0.,-1.,0.));
#4347 = ADVANCED_FACE('',(#4348),#4359,.F.);
#4348 = FACE_BOUND('',#4349,.T.);
#4349 = EDGE_LOOP('',(#4350,#4351,#4357,#4358));
#4350 = ORIENTED_EDGE('',*,*,#3007,.T.);
#4351 = ORIENTED_EDGE('',*,*,#4352,.T.);
#4352 = EDGE_CURVE('',#3008,#3555,#4353,.T.);
#4353 = LINE('',#4354,#4355);
#4354 = CARTESIAN_POINT('',(162.9,-56.75,-4.6E-02));
#4355 = VECTOR('',#4356,1.);
#4356 = DIRECTION('',(0.,0.,1.));
#4357 = ORIENTED_EDGE('',*,*,#3554,.F.);
#4358 = ORIENTED_EDGE('',*,*,#4352,.F.);
#4359 = CYLINDRICAL_SURFACE('',#4360,0.25);
#4360 = AXIS2_PLACEMENT_3D('',#4361,#4362,#4363);
#4361 = CARTESIAN_POINT('',(162.9,-56.5,-4.6E-02));
#4362 = DIRECTION('',(-0.,-0.,-1.));
#4363 = DIRECTION('',(-0.,-1.,0.));
#4364 = ADVANCED_FACE('',(#4365),#4376,.F.);
#4365 = FACE_BOUND('',#4366,.T.);
#4366 = EDGE_LOOP('',(#4367,#4368,#4374,#4375));
#4367 = ORIENTED_EDGE('',*,*,#3018,.T.);
#4368 = ORIENTED_EDGE('',*,*,#4369,.T.);
#4369 = EDGE_CURVE('',#3019,#3566,#4370,.T.);
#4370 = LINE('',#4371,#4372);
#4371 = CARTESIAN_POINT('',(165.3,-58.1,-4.6E-02));
#4372 = VECTOR('',#4373,1.);
#4373 = DIRECTION('',(0.,0.,1.));
#4374 = ORIENTED_EDGE('',*,*,#3565,.F.);
#4375 = ORIENTED_EDGE('',*,*,#4369,.F.);
#4376 = CYLINDRICAL_SURFACE('',#4377,1.6);
#4377 = AXIS2_PLACEMENT_3D('',#4378,#4379,#4380);
#4378 = CARTESIAN_POINT('',(165.3,-56.5,-4.6E-02));
#4379 = DIRECTION('',(-0.,-0.,-1.));
#4380 = DIRECTION('',(-0.,-1.,0.));
#4381 = ADVANCED_FACE('',(#4382),#4393,.F.);
#4382 = FACE_BOUND('',#4383,.T.);
#4383 = EDGE_LOOP('',(#4384,#4385,#4391,#4392));
#4384 = ORIENTED_EDGE('',*,*,#3029,.T.);
#4385 = ORIENTED_EDGE('',*,*,#4386,.T.);
#4386 = EDGE_CURVE('',#3030,#3577,#4387,.T.);
#4387 = LINE('',#4388,#4389);
#4388 = CARTESIAN_POINT('',(167.7,-56.75,-4.6E-02));
#4389 = VECTOR('',#4390,1.);
#4390 = DIRECTION('',(0.,0.,1.));
#4391 = ORIENTED_EDGE('',*,*,#3576,.F.);
#4392 = ORIENTED_EDGE('',*,*,#4386,.F.);
#4393 = CYLINDRICAL_SURFACE('',#4394,0.25);
#4394 = AXIS2_PLACEMENT_3D('',#4395,#4396,#4397);
#4395 = CARTESIAN_POINT('',(167.7,-56.5,-4.6E-02));
#4396 = DIRECTION('',(-0.,-0.,-1.));
#4397 = DIRECTION('',(-0.,-1.,0.));
#4398 = ADVANCED_FACE('',(#4399),#4410,.F.);
#4399 = FACE_BOUND('',#4400,.T.);
#4400 = EDGE_LOOP('',(#4401,#4402,#4408,#4409));
#4401 = ORIENTED_EDGE('',*,*,#3040,.T.);
#4402 = ORIENTED_EDGE('',*,*,#4403,.T.);
#4403 = EDGE_CURVE('',#3041,#3588,#4404,.T.);
#4404 = LINE('',#4405,#4406);
#4405 = CARTESIAN_POINT('',(163.602944,-55.052944,-4.6E-02));
#4406 = VECTOR('',#4407,1.);
#4407 = DIRECTION('',(0.,0.,1.));
#4408 = ORIENTED_EDGE('',*,*,#3587,.F.);
#4409 = ORIENTED_EDGE('',*,*,#4403,.F.);
#4410 = CYLINDRICAL_SURFACE('',#4411,0.25);
#4411 = AXIS2_PLACEMENT_3D('',#4412,#4413,#4414);
#4412 = CARTESIAN_POINT('',(163.602944,-54.802944,-4.6E-02));
#4413 = DIRECTION('',(-0.,-0.,-1.));
#4414 = DIRECTION('',(-0.,-1.,0.));
#4415 = ADVANCED_FACE('',(#4416),#4427,.F.);
#4416 = FACE_BOUND('',#4417,.T.);
#4417 = EDGE_LOOP('',(#4418,#4419,#4425,#4426));
#4418 = ORIENTED_EDGE('',*,*,#3051,.T.);
#4419 = ORIENTED_EDGE('',*,*,#4420,.T.);
#4420 = EDGE_CURVE('',#3052,#3599,#4421,.T.);
#4421 = LINE('',#4422,#4423);
#4422 = CARTESIAN_POINT('',(165.3,-54.35,-4.6E-02));
#4423 = VECTOR('',#4424,1.);
#4424 = DIRECTION('',(0.,0.,1.));
#4425 = ORIENTED_EDGE('',*,*,#3598,.F.);
#4426 = ORIENTED_EDGE('',*,*,#4420,.F.);
#4427 = CYLINDRICAL_SURFACE('',#4428,0.25);
#4428 = AXIS2_PLACEMENT_3D('',#4429,#4430,#4431);
#4429 = CARTESIAN_POINT('',(165.3,-54.1,-4.6E-02));
#4430 = DIRECTION('',(-0.,-0.,-1.));
#4431 = DIRECTION('',(-0.,-1.,0.));
#4432 = ADVANCED_FACE('',(#4433),#4444,.F.);
#4433 = FACE_BOUND('',#4434,.T.);
#4434 = EDGE_LOOP('',(#4435,#4436,#4442,#4443));
#4435 = ORIENTED_EDGE('',*,*,#3062,.T.);
#4436 = ORIENTED_EDGE('',*,*,#4437,.T.);
#4437 = EDGE_CURVE('',#3063,#3610,#4438,.T.);
#4438 = LINE('',#4439,#4440);
#4439 = CARTESIAN_POINT('',(166.997056,-55.052944,-4.6E-02));
#4440 = VECTOR('',#4441,1.);
#4441 = DIRECTION('',(0.,0.,1.));
#4442 = ORIENTED_EDGE('',*,*,#3609,.F.);
#4443 = ORIENTED_EDGE('',*,*,#4437,.F.);
#4444 = CYLINDRICAL_SURFACE('',#4445,0.25);
#4445 = AXIS2_PLACEMENT_3D('',#4446,#4447,#4448);
#4446 = CARTESIAN_POINT('',(166.997056,-54.802944,-4.6E-02));
#4447 = DIRECTION('',(-0.,-0.,-1.));
#4448 = DIRECTION('',(-0.,-1.,0.));
#4449 = ADVANCED_FACE('',(#4450),#4461,.F.);
#4450 = FACE_BOUND('',#4451,.T.);
#4451 = EDGE_LOOP('',(#4452,#4453,#4459,#4460));
#4452 = ORIENTED_EDGE('',*,*,#3073,.T.);
#4453 = ORIENTED_EDGE('',*,*,#4454,.T.);
#4454 = EDGE_CURVE('',#3074,#3621,#4455,.T.);
#4455 = LINE('',#4456,#4457);
#4456 = CARTESIAN_POINT('',(147.98,-45.5,-4.6E-02));
#4457 = VECTOR('',#4458,1.);
#4458 = DIRECTION('',(0.,0.,1.));
#4459 = ORIENTED_EDGE('',*,*,#3620,.F.);
#4460 = ORIENTED_EDGE('',*,*,#4454,.F.);
#4461 = CYLINDRICAL_SURFACE('',#4462,0.6);
#4462 = AXIS2_PLACEMENT_3D('',#4463,#4464,#4465);
#4463 = CARTESIAN_POINT('',(147.98,-44.9,-4.6E-02));
#4464 = DIRECTION('',(-0.,-0.,-1.));
#4465 = DIRECTION('',(-4.736951571734E-14,-1.,0.));
#4466 = ADVANCED_FACE('',(#4467),#4478,.F.);
#4467 = FACE_BOUND('',#4468,.T.);
#4468 = EDGE_LOOP('',(#4469,#4470,#4476,#4477));
#4469 = ORIENTED_EDGE('',*,*,#3084,.T.);
#4470 = ORIENTED_EDGE('',*,*,#4471,.T.);
#4471 = EDGE_CURVE('',#3085,#3632,#4472,.T.);
#4472 = LINE('',#4473,#4474);
#4473 = CARTESIAN_POINT('',(156.5,-44.,-4.6E-02));
#4474 = VECTOR('',#4475,1.);
#4475 = DIRECTION('',(0.,0.,1.));
#4476 = ORIENTED_EDGE('',*,*,#3631,.F.);
#4477 = ORIENTED_EDGE('',*,*,#4471,.F.);
#4478 = CYLINDRICAL_SURFACE('',#4479,0.5);
#4479 = AXIS2_PLACEMENT_3D('',#4480,#4481,#4482);
#4480 = CARTESIAN_POINT('',(156.5,-43.5,-4.6E-02));
#4481 = DIRECTION('',(-0.,-0.,-1.));
#4482 = DIRECTION('',(-0.,-1.,0.));
#4483 = ADVANCED_FACE('',(#4484),#4495,.F.);
#4484 = FACE_BOUND('',#4485,.T.);
#4485 = EDGE_LOOP('',(#4486,#4487,#4493,#4494));
#4486 = ORIENTED_EDGE('',*,*,#3095,.T.);
#4487 = ORIENTED_EDGE('',*,*,#4488,.T.);
#4488 = EDGE_CURVE('',#3096,#3643,#4489,.T.);
#4489 = LINE('',#4490,#4491);
#4490 = CARTESIAN_POINT('',(166.1,-41.6,-4.6E-02));
#4491 = VECTOR('',#4492,1.);
#4492 = DIRECTION('',(0.,0.,1.));
#4493 = ORIENTED_EDGE('',*,*,#3642,.F.);
#4494 = ORIENTED_EDGE('',*,*,#4488,.F.);
#4495 = CYLINDRICAL_SURFACE('',#4496,1.6);
#4496 = AXIS2_PLACEMENT_3D('',#4497,#4498,#4499);
#4497 = CARTESIAN_POINT('',(166.1,-40.,-4.6E-02));
#4498 = DIRECTION('',(-0.,-0.,-1.));
#4499 = DIRECTION('',(-0.,-1.,0.));
#4500 = ( GEOMETRIC_REPRESENTATION_CONTEXT(3) 
GLOBAL_UNCERTAINTY_ASSIGNED_CONTEXT((#4504)) 
GLOBAL_UNIT_ASSIGNED_CONTEXT((#4501,#4502,#4503)) REPRESENTATION_CONTEXT
('Context #1','3D Context with UNIT and UNCERTAINTY') );
#4501 = ( LENGTH_UNIT() NAMED_UNIT(*) SI_UNIT(.MILLI.,.METRE.) );
#4502 = ( NAMED_UNIT(*) PLANE_ANGLE_UNIT() SI_UNIT($,.RADIAN.) );
#4503 = ( NAMED_UNIT(*) SI_UNIT($,.STERADIAN.) SOLID_ANGLE_UNIT() );
#4504 = UNCERTAINTY_MEASURE_WITH_UNIT(LENGTH_MEASURE(1.E-07),#4501,
  'distance_accuracy_value','confusion accuracy');
#4505 = CONTEXT_DEPENDENT_SHAPE_REPRESENTATION(#4506,#4508);
#4506 = ( REPRESENTATION_RELATIONSHIP('','',#2454,#10) 
REPRESENTATION_RELATIONSHIP_WITH_TRANSFORMATION(#4507) 
SHAPE_REPRESENTATION_RELATIONSHIP() );
#4507 = ITEM_DEFINED_TRANSFORMATION('','',#11,#47);
#4508 = PRODUCT_DEFINITION_SHAPE('Placement','Placement of an item',
  #4509);
#4509 = NEXT_ASSEMBLY_USAGE_OCCURRENCE('9','=>[0:1:1:5]','',#5,#2449,$);
#4510 = PRODUCT_RELATED_PRODUCT_CATEGORY('part',$,(#2451));
#4511 = MECHANICAL_DESIGN_GEOMETRIC_PRESENTATION_REPRESENTATION('',(
    #4512,#4520,#4527,#4534,#4541,#4548,#4555,#4563,#4570,#4577,#4584,
    #4591,#4598,#4605),#407);
#4512 = STYLED_ITEM('color',(#4513),#67);
#4513 = PRESENTATION_STYLE_ASSIGNMENT((#4514));
#4514 = SURFACE_STYLE_USAGE(.BOTH.,#4515);
#4515 = SURFACE_SIDE_STYLE('',(#4516));
#4516 = SURFACE_STYLE_FILL_AREA(#4517);
#4517 = FILL_AREA_STYLE('',(#4518));
#4518 = FILL_AREA_STYLE_COLOUR('',#4519);
#4519 = COLOUR_RGB('',0.894999966383,0.890999961016,0.813000030345);
#4520 = STYLED_ITEM('color',(#4521),#107);
#4521 = PRESENTATION_STYLE_ASSIGNMENT((#4522));
#4522 = SURFACE_STYLE_USAGE(.BOTH.,#4523);
#4523 = SURFACE_SIDE_STYLE('',(#4524));
#4524 = SURFACE_STYLE_FILL_AREA(#4525);
#4525 = FILL_AREA_STYLE('',(#4526));
#4526 = FILL_AREA_STYLE_COLOUR('',#4519);
#4527 = STYLED_ITEM('color',(#4528),#138);
#4528 = PRESENTATION_STYLE_ASSIGNMENT((#4529));
#4529 = SURFACE_STYLE_USAGE(.BOTH.,#4530);
#4530 = SURFACE_SIDE_STYLE('',(#4531));
#4531 = SURFACE_STYLE_FILL_AREA(#4532);
#4532 = FILL_AREA_STYLE('',(#4533));
#4533 = FILL_AREA_STYLE_COLOUR('',#4519);
#4534 = STYLED_ITEM('color',(#4535),#169);
#4535 = PRESENTATION_STYLE_ASSIGNMENT((#4536));
#4536 = SURFACE_STYLE_USAGE(.BOTH.,#4537);
#4537 = SURFACE_SIDE_STYLE('',(#4538));
#4538 = SURFACE_STYLE_FILL_AREA(#4539);
#4539 = FILL_AREA_STYLE('',(#4540));
#4540 = FILL_AREA_STYLE_COLOUR('',#4519);
#4541 = STYLED_ITEM('color',(#4542),#197);
#4542 = PRESENTATION_STYLE_ASSIGNMENT((#4543));
#4543 = SURFACE_STYLE_USAGE(.BOTH.,#4544);
#4544 = SURFACE_SIDE_STYLE('',(#4545));
#4545 = SURFACE_STYLE_FILL_AREA(#4546);
#4546 = FILL_AREA_STYLE('',(#4547));
#4547 = FILL_AREA_STYLE_COLOUR('',#4519);
#4548 = STYLED_ITEM('color',(#4549),#225);
#4549 = PRESENTATION_STYLE_ASSIGNMENT((#4550));
#4550 = SURFACE_STYLE_USAGE(.BOTH.,#4551);
#4551 = SURFACE_SIDE_STYLE('',(#4552));
#4552 = SURFACE_STYLE_FILL_AREA(#4553);
#4553 = FILL_AREA_STYLE('',(#4554));
#4554 = FILL_AREA_STYLE_COLOUR('',#4519);
#4555 = STYLED_ITEM('color',(#4556),#237);
#4556 = PRESENTATION_STYLE_ASSIGNMENT((#4557));
#4557 = SURFACE_STYLE_USAGE(.BOTH.,#4558);
#4558 = SURFACE_SIDE_STYLE('',(#4559));
#4559 = SURFACE_STYLE_FILL_AREA(#4560);
#4560 = FILL_AREA_STYLE('',(#4561));
#4561 = FILL_AREA_STYLE_COLOUR('',#4562);
#4562 = COLOUR_RGB('',0.823999987314,0.819999987296,0.781000009244);
#4563 = STYLED_ITEM('color',(#4564),#262);
#4564 = PRESENTATION_STYLE_ASSIGNMENT((#4565));
#4565 = SURFACE_STYLE_USAGE(.BOTH.,#4566);
#4566 = SURFACE_SIDE_STYLE('',(#4567));
#4567 = SURFACE_STYLE_FILL_AREA(#4568);
#4568 = FILL_AREA_STYLE('',(#4569));
#4569 = FILL_AREA_STYLE_COLOUR('',#4562);
#4570 = STYLED_ITEM('color',(#4571),#287);
#4571 = PRESENTATION_STYLE_ASSIGNMENT((#4572));
#4572 = SURFACE_STYLE_USAGE(.BOTH.,#4573);
#4573 = SURFACE_SIDE_STYLE('',(#4574));
#4574 = SURFACE_STYLE_FILL_AREA(#4575);
#4575 = FILL_AREA_STYLE('',(#4576));
#4576 = FILL_AREA_STYLE_COLOUR('',#4562);
#4577 = STYLED_ITEM('color',(#4578),#313);
#4578 = PRESENTATION_STYLE_ASSIGNMENT((#4579));
#4579 = SURFACE_STYLE_USAGE(.BOTH.,#4580);
#4580 = SURFACE_SIDE_STYLE('',(#4581));
#4581 = SURFACE_STYLE_FILL_AREA(#4582);
#4582 = FILL_AREA_STYLE('',(#4583));
#4583 = FILL_AREA_STYLE_COLOUR('',#4562);
#4584 = STYLED_ITEM('color',(#4585),#339);
#4585 = PRESENTATION_STYLE_ASSIGNMENT((#4586));
#4586 = SURFACE_STYLE_USAGE(.BOTH.,#4587);
#4587 = SURFACE_SIDE_STYLE('',(#4588));
#4588 = SURFACE_STYLE_FILL_AREA(#4589);
#4589 = FILL_AREA_STYLE('',(#4590));
#4590 = FILL_AREA_STYLE_COLOUR('',#4562);
#4591 = STYLED_ITEM('color',(#4592),#364);
#4592 = PRESENTATION_STYLE_ASSIGNMENT((#4593));
#4593 = SURFACE_STYLE_USAGE(.BOTH.,#4594);
#4594 = SURFACE_SIDE_STYLE('',(#4595));
#4595 = SURFACE_STYLE_FILL_AREA(#4596);
#4596 = FILL_AREA_STYLE('',(#4597));
#4597 = FILL_AREA_STYLE_COLOUR('',#4562);
#4598 = STYLED_ITEM('color',(#4599),#389);
#4599 = PRESENTATION_STYLE_ASSIGNMENT((#4600));
#4600 = SURFACE_STYLE_USAGE(.BOTH.,#4601);
#4601 = SURFACE_SIDE_STYLE('',(#4602));
#4602 = SURFACE_STYLE_FILL_AREA(#4603);
#4603 = FILL_AREA_STYLE('',(#4604));
#4604 = FILL_AREA_STYLE_COLOUR('',#4562);
#4605 = STYLED_ITEM('color',(#4606),#398);
#4606 = PRESENTATION_STYLE_ASSIGNMENT((#4607));
#4607 = SURFACE_STYLE_USAGE(.BOTH.,#4608);
#4608 = SURFACE_SIDE_STYLE('',(#4609));
#4609 = SURFACE_STYLE_FILL_AREA(#4610);
#4610 = FILL_AREA_STYLE('',(#4611));
#4611 = FILL_AREA_STYLE_COLOUR('',#4562);
#4612 = MECHANICAL_DESIGN_GEOMETRIC_PRESENTATION_REPRESENTATION('',(
    #4613,#4621,#4628,#4635,#4642,#4649,#4656,#4663,#4670,#4677,#4684,
    #4692,#4699,#4706,#4713,#4720,#4727,#4734,#4741,#4748,#4755,#4762,
    #4769,#4776,#4783,#4790,#4797,#4804),#1194);
#4613 = STYLED_ITEM('color',(#4614),#438);
#4614 = PRESENTATION_STYLE_ASSIGNMENT((#4615));
#4615 = SURFACE_STYLE_USAGE(.BOTH.,#4616);
#4616 = SURFACE_SIDE_STYLE('',(#4617));
#4617 = SURFACE_STYLE_FILL_AREA(#4618);
#4618 = FILL_AREA_STYLE('',(#4619));
#4619 = FILL_AREA_STYLE_COLOUR('',#4620);
#4620 = COLOUR_RGB('',0.147999998088,0.144999993226,0.144999993226);
#4621 = STYLED_ITEM('color',(#4622),#478);
#4622 = PRESENTATION_STYLE_ASSIGNMENT((#4623));
#4623 = SURFACE_STYLE_USAGE(.BOTH.,#4624);
#4624 = SURFACE_SIDE_STYLE('',(#4625));
#4625 = SURFACE_STYLE_FILL_AREA(#4626);
#4626 = FILL_AREA_STYLE('',(#4627));
#4627 = FILL_AREA_STYLE_COLOUR('',#4620);
#4628 = STYLED_ITEM('color',(#4629),#509);
#4629 = PRESENTATION_STYLE_ASSIGNMENT((#4630));
#4630 = SURFACE_STYLE_USAGE(.BOTH.,#4631);
#4631 = SURFACE_SIDE_STYLE('',(#4632));
#4632 = SURFACE_STYLE_FILL_AREA(#4633);
#4633 = FILL_AREA_STYLE('',(#4634));
#4634 = FILL_AREA_STYLE_COLOUR('',#4620);
#4635 = STYLED_ITEM('color',(#4636),#540);
#4636 = PRESENTATION_STYLE_ASSIGNMENT((#4637));
#4637 = SURFACE_STYLE_USAGE(.BOTH.,#4638);
#4638 = SURFACE_SIDE_STYLE('',(#4639));
#4639 = SURFACE_STYLE_FILL_AREA(#4640);
#4640 = FILL_AREA_STYLE('',(#4641));
#4641 = FILL_AREA_STYLE_COLOUR('',#4620);
#4642 = STYLED_ITEM('color',(#4643),#623);
#4643 = PRESENTATION_STYLE_ASSIGNMENT((#4644));
#4644 = SURFACE_STYLE_USAGE(.BOTH.,#4645);
#4645 = SURFACE_SIDE_STYLE('',(#4646));
#4646 = SURFACE_STYLE_FILL_AREA(#4647);
#4647 = FILL_AREA_STYLE('',(#4648));
#4648 = FILL_AREA_STYLE_COLOUR('',#4620);
#4649 = STYLED_ITEM('color',(#4650),#706);
#4650 = PRESENTATION_STYLE_ASSIGNMENT((#4651));
#4651 = SURFACE_STYLE_USAGE(.BOTH.,#4652);
#4652 = SURFACE_SIDE_STYLE('',(#4653));
#4653 = SURFACE_STYLE_FILL_AREA(#4654);
#4654 = FILL_AREA_STYLE('',(#4655));
#4655 = FILL_AREA_STYLE_COLOUR('',#4620);
#4656 = STYLED_ITEM('color',(#4657),#723);
#4657 = PRESENTATION_STYLE_ASSIGNMENT((#4658));
#4658 = SURFACE_STYLE_USAGE(.BOTH.,#4659);
#4659 = SURFACE_SIDE_STYLE('',(#4660));
#4660 = SURFACE_STYLE_FILL_AREA(#4661);
#4661 = FILL_AREA_STYLE('',(#4662));
#4662 = FILL_AREA_STYLE_COLOUR('',#4620);
#4663 = STYLED_ITEM('color',(#4664),#740);
#4664 = PRESENTATION_STYLE_ASSIGNMENT((#4665));
#4665 = SURFACE_STYLE_USAGE(.BOTH.,#4666);
#4666 = SURFACE_SIDE_STYLE('',(#4667));
#4667 = SURFACE_STYLE_FILL_AREA(#4668);
#4668 = FILL_AREA_STYLE('',(#4669));
#4669 = FILL_AREA_STYLE_COLOUR('',#4620);
#4670 = STYLED_ITEM('color',(#4671),#757);
#4671 = PRESENTATION_STYLE_ASSIGNMENT((#4672));
#4672 = SURFACE_STYLE_USAGE(.BOTH.,#4673);
#4673 = SURFACE_SIDE_STYLE('',(#4674));
#4674 = SURFACE_STYLE_FILL_AREA(#4675);
#4675 = FILL_AREA_STYLE('',(#4676));
#4676 = FILL_AREA_STYLE_COLOUR('',#4620);
#4677 = STYLED_ITEM('color',(#4678),#774);
#4678 = PRESENTATION_STYLE_ASSIGNMENT((#4679));
#4679 = SURFACE_STYLE_USAGE(.BOTH.,#4680);
#4680 = SURFACE_SIDE_STYLE('',(#4681));
#4681 = SURFACE_STYLE_FILL_AREA(#4682);
#4682 = FILL_AREA_STYLE('',(#4683));
#4683 = FILL_AREA_STYLE_COLOUR('',#4620);
#4684 = STYLED_ITEM('color',(#4685),#786);
#4685 = PRESENTATION_STYLE_ASSIGNMENT((#4686));
#4686 = SURFACE_STYLE_USAGE(.BOTH.,#4687);
#4687 = SURFACE_SIDE_STYLE('',(#4688));
#4688 = SURFACE_STYLE_FILL_AREA(#4689);
#4689 = FILL_AREA_STYLE('',(#4690));
#4690 = FILL_AREA_STYLE_COLOUR('',#4691);
#4691 = COLOUR_RGB('',0.859000020776,0.737999965183,0.495999988746);
#4692 = STYLED_ITEM('color',(#4693),#817);
#4693 = PRESENTATION_STYLE_ASSIGNMENT((#4694));
#4694 = SURFACE_STYLE_USAGE(.BOTH.,#4695);
#4695 = SURFACE_SIDE_STYLE('',(#4696));
#4696 = SURFACE_STYLE_FILL_AREA(#4697);
#4697 = FILL_AREA_STYLE('',(#4698));
#4698 = FILL_AREA_STYLE_COLOUR('',#4691);
#4699 = STYLED_ITEM('color',(#4700),#841);
#4700 = PRESENTATION_STYLE_ASSIGNMENT((#4701));
#4701 = SURFACE_STYLE_USAGE(.BOTH.,#4702);
#4702 = SURFACE_SIDE_STYLE('',(#4703));
#4703 = SURFACE_STYLE_FILL_AREA(#4704);
#4704 = FILL_AREA_STYLE('',(#4705));
#4705 = FILL_AREA_STYLE_COLOUR('',#4691);
#4706 = STYLED_ITEM('color',(#4707),#865);
#4707 = PRESENTATION_STYLE_ASSIGNMENT((#4708));
#4708 = SURFACE_STYLE_USAGE(.BOTH.,#4709);
#4709 = SURFACE_SIDE_STYLE('',(#4710));
#4710 = SURFACE_STYLE_FILL_AREA(#4711);
#4711 = FILL_AREA_STYLE('',(#4712));
#4712 = FILL_AREA_STYLE_COLOUR('',#4691);
#4713 = STYLED_ITEM('color',(#4714),#882);
#4714 = PRESENTATION_STYLE_ASSIGNMENT((#4715));
#4715 = SURFACE_STYLE_USAGE(.BOTH.,#4716);
#4716 = SURFACE_SIDE_STYLE('',(#4717));
#4717 = SURFACE_STYLE_FILL_AREA(#4718);
#4718 = FILL_AREA_STYLE('',(#4719));
#4719 = FILL_AREA_STYLE_COLOUR('',#4691);
#4720 = STYLED_ITEM('color',(#4721),#913);
#4721 = PRESENTATION_STYLE_ASSIGNMENT((#4722));
#4722 = SURFACE_STYLE_USAGE(.BOTH.,#4723);
#4723 = SURFACE_SIDE_STYLE('',(#4724));
#4724 = SURFACE_STYLE_FILL_AREA(#4725);
#4725 = FILL_AREA_STYLE('',(#4726));
#4726 = FILL_AREA_STYLE_COLOUR('',#4691);
#4727 = STYLED_ITEM('color',(#4728),#937);
#4728 = PRESENTATION_STYLE_ASSIGNMENT((#4729));
#4729 = SURFACE_STYLE_USAGE(.BOTH.,#4730);
#4730 = SURFACE_SIDE_STYLE('',(#4731));
#4731 = SURFACE_STYLE_FILL_AREA(#4732);
#4732 = FILL_AREA_STYLE('',(#4733));
#4733 = FILL_AREA_STYLE_COLOUR('',#4691);
#4734 = STYLED_ITEM('color',(#4735),#961);
#4735 = PRESENTATION_STYLE_ASSIGNMENT((#4736));
#4736 = SURFACE_STYLE_USAGE(.BOTH.,#4737);
#4737 = SURFACE_SIDE_STYLE('',(#4738));
#4738 = SURFACE_STYLE_FILL_AREA(#4739);
#4739 = FILL_AREA_STYLE('',(#4740));
#4740 = FILL_AREA_STYLE_COLOUR('',#4691);
#4741 = STYLED_ITEM('color',(#4742),#978);
#4742 = PRESENTATION_STYLE_ASSIGNMENT((#4743));
#4743 = SURFACE_STYLE_USAGE(.BOTH.,#4744);
#4744 = SURFACE_SIDE_STYLE('',(#4745));
#4745 = SURFACE_STYLE_FILL_AREA(#4746);
#4746 = FILL_AREA_STYLE('',(#4747));
#4747 = FILL_AREA_STYLE_COLOUR('',#4691);
#4748 = STYLED_ITEM('color',(#4749),#1009);
#4749 = PRESENTATION_STYLE_ASSIGNMENT((#4750));
#4750 = SURFACE_STYLE_USAGE(.BOTH.,#4751);
#4751 = SURFACE_SIDE_STYLE('',(#4752));
#4752 = SURFACE_STYLE_FILL_AREA(#4753);
#4753 = FILL_AREA_STYLE('',(#4754));
#4754 = FILL_AREA_STYLE_COLOUR('',#4691);
#4755 = STYLED_ITEM('color',(#4756),#1033);
#4756 = PRESENTATION_STYLE_ASSIGNMENT((#4757));
#4757 = SURFACE_STYLE_USAGE(.BOTH.,#4758);
#4758 = SURFACE_SIDE_STYLE('',(#4759));
#4759 = SURFACE_STYLE_FILL_AREA(#4760);
#4760 = FILL_AREA_STYLE('',(#4761));
#4761 = FILL_AREA_STYLE_COLOUR('',#4691);
#4762 = STYLED_ITEM('color',(#4763),#1057);
#4763 = PRESENTATION_STYLE_ASSIGNMENT((#4764));
#4764 = SURFACE_STYLE_USAGE(.BOTH.,#4765);
#4765 = SURFACE_SIDE_STYLE('',(#4766));
#4766 = SURFACE_STYLE_FILL_AREA(#4767);
#4767 = FILL_AREA_STYLE('',(#4768));
#4768 = FILL_AREA_STYLE_COLOUR('',#4691);
#4769 = STYLED_ITEM('color',(#4770),#1074);
#4770 = PRESENTATION_STYLE_ASSIGNMENT((#4771));
#4771 = SURFACE_STYLE_USAGE(.BOTH.,#4772);
#4772 = SURFACE_SIDE_STYLE('',(#4773));
#4773 = SURFACE_STYLE_FILL_AREA(#4774);
#4774 = FILL_AREA_STYLE('',(#4775));
#4775 = FILL_AREA_STYLE_COLOUR('',#4691);
#4776 = STYLED_ITEM('color',(#4777),#1105);
#4777 = PRESENTATION_STYLE_ASSIGNMENT((#4778));
#4778 = SURFACE_STYLE_USAGE(.BOTH.,#4779);
#4779 = SURFACE_SIDE_STYLE('',(#4780));
#4780 = SURFACE_STYLE_FILL_AREA(#4781);
#4781 = FILL_AREA_STYLE('',(#4782));
#4782 = FILL_AREA_STYLE_COLOUR('',#4691);
#4783 = STYLED_ITEM('color',(#4784),#1129);
#4784 = PRESENTATION_STYLE_ASSIGNMENT((#4785));
#4785 = SURFACE_STYLE_USAGE(.BOTH.,#4786);
#4786 = SURFACE_SIDE_STYLE('',(#4787));
#4787 = SURFACE_STYLE_FILL_AREA(#4788);
#4788 = FILL_AREA_STYLE('',(#4789));
#4789 = FILL_AREA_STYLE_COLOUR('',#4691);
#4790 = STYLED_ITEM('color',(#4791),#1153);
#4791 = PRESENTATION_STYLE_ASSIGNMENT((#4792));
#4792 = SURFACE_STYLE_USAGE(.BOTH.,#4793);
#4793 = SURFACE_SIDE_STYLE('',(#4794));
#4794 = SURFACE_STYLE_FILL_AREA(#4795);
#4795 = FILL_AREA_STYLE('',(#4796));
#4796 = FILL_AREA_STYLE_COLOUR('',#4691);
#4797 = STYLED_ITEM('color',(#4798),#1170);
#4798 = PRESENTATION_STYLE_ASSIGNMENT((#4799));
#4799 = SURFACE_STYLE_USAGE(.BOTH.,#4800);
#4800 = SURFACE_SIDE_STYLE('',(#4801));
#4801 = SURFACE_STYLE_FILL_AREA(#4802);
#4802 = FILL_AREA_STYLE('',(#4803));
#4803 = FILL_AREA_STYLE_COLOUR('',#4691);
#4804 = STYLED_ITEM('color',(#4805),#1182);
#4805 = PRESENTATION_STYLE_ASSIGNMENT((#4806));
#4806 = SURFACE_STYLE_USAGE(.BOTH.,#4807);
#4807 = SURFACE_SIDE_STYLE('',(#4808));
#4808 = SURFACE_STYLE_FILL_AREA(#4809);
#4809 = FILL_AREA_STYLE('',(#4810));
#4810 = FILL_AREA_STYLE_COLOUR('',#4691);
#4811 = MECHANICAL_DESIGN_GEOMETRIC_PRESENTATION_REPRESENTATION('',(
    #4812),#4500);
#4812 = STYLED_ITEM('color',(#4813),#2455);
#4813 = PRESENTATION_STYLE_ASSIGNMENT((#4814));
#4814 = SURFACE_STYLE_USAGE(.BOTH.,#4815);
#4815 = SURFACE_SIDE_STYLE('',(#4816));
#4816 = SURFACE_STYLE_FILL_AREA(#4817);
#4817 = FILL_AREA_STYLE('',(#4818));
#4818 = FILL_AREA_STYLE_COLOUR('',#4819);
#4819 = COLOUR_RGB('',0.313304153717,0.484529207832,0.410020903123);
#4820 = MECHANICAL_DESIGN_GEOMETRIC_PRESENTATION_REPRESENTATION('',(
    #4821,#4828,#4835,#4842,#4849,#4856,#4863,#4870,#4877,#4884,#4891,
    #4898,#4905,#4912,#4919,#4926,#4933,#4940,#4947,#4954,#4961,#4968,
    #4975,#4982,#4989,#4996,#5003,#5010,#5017,#5024,#5031,#5039,#5046,
    #5053,#5060,#5067,#5074,#5081,#5088,#5095,#5102),#2426);
#4821 = STYLED_ITEM('color',(#4822),#1220);
#4822 = PRESENTATION_STYLE_ASSIGNMENT((#4823));
#4823 = SURFACE_STYLE_USAGE(.BOTH.,#4824);
#4824 = SURFACE_SIDE_STYLE('',(#4825));
#4825 = SURFACE_STYLE_FILL_AREA(#4826);
#4826 = FILL_AREA_STYLE('',(#4827));
#4827 = FILL_AREA_STYLE_COLOUR('',#4562);
#4828 = STYLED_ITEM('color',(#4829),#1260);
#4829 = PRESENTATION_STYLE_ASSIGNMENT((#4830));
#4830 = SURFACE_STYLE_USAGE(.BOTH.,#4831);
#4831 = SURFACE_SIDE_STYLE('',(#4832));
#4832 = SURFACE_STYLE_FILL_AREA(#4833);
#4833 = FILL_AREA_STYLE('',(#4834));
#4834 = FILL_AREA_STYLE_COLOUR('',#4562);
#4835 = STYLED_ITEM('color',(#4836),#1343);
#4836 = PRESENTATION_STYLE_ASSIGNMENT((#4837));
#4837 = SURFACE_STYLE_USAGE(.BOTH.,#4838);
#4838 = SURFACE_SIDE_STYLE('',(#4839));
#4839 = SURFACE_STYLE_FILL_AREA(#4840);
#4840 = FILL_AREA_STYLE('',(#4841));
#4841 = FILL_AREA_STYLE_COLOUR('',#4562);
#4842 = STYLED_ITEM('color',(#4843),#1368);
#4843 = PRESENTATION_STYLE_ASSIGNMENT((#4844));
#4844 = SURFACE_STYLE_USAGE(.BOTH.,#4845);
#4845 = SURFACE_SIDE_STYLE('',(#4846));
#4846 = SURFACE_STYLE_FILL_AREA(#4847);
#4847 = FILL_AREA_STYLE('',(#4848));
#4848 = FILL_AREA_STYLE_COLOUR('',#4562);
#4849 = STYLED_ITEM('color',(#4850),#1443);
#4850 = PRESENTATION_STYLE_ASSIGNMENT((#4851));
#4851 = SURFACE_STYLE_USAGE(.BOTH.,#4852);
#4852 = SURFACE_SIDE_STYLE('',(#4853));
#4853 = SURFACE_STYLE_FILL_AREA(#4854);
#4854 = FILL_AREA_STYLE('',(#4855));
#4855 = FILL_AREA_STYLE_COLOUR('',#4562);
#4856 = STYLED_ITEM('color',(#4857),#1460);
#4857 = PRESENTATION_STYLE_ASSIGNMENT((#4858));
#4858 = SURFACE_STYLE_USAGE(.BOTH.,#4859);
#4859 = SURFACE_SIDE_STYLE('',(#4860));
#4860 = SURFACE_STYLE_FILL_AREA(#4861);
#4861 = FILL_AREA_STYLE('',(#4862));
#4862 = FILL_AREA_STYLE_COLOUR('',#4562);
#4863 = STYLED_ITEM('color',(#4864),#1477);
#4864 = PRESENTATION_STYLE_ASSIGNMENT((#4865));
#4865 = SURFACE_STYLE_USAGE(.BOTH.,#4866);
#4866 = SURFACE_SIDE_STYLE('',(#4867));
#4867 = SURFACE_STYLE_FILL_AREA(#4868);
#4868 = FILL_AREA_STYLE('',(#4869));
#4869 = FILL_AREA_STYLE_COLOUR('',#4562);
#4870 = STYLED_ITEM('color',(#4871),#1494);
#4871 = PRESENTATION_STYLE_ASSIGNMENT((#4872));
#4872 = SURFACE_STYLE_USAGE(.BOTH.,#4873);
#4873 = SURFACE_SIDE_STYLE('',(#4874));
#4874 = SURFACE_STYLE_FILL_AREA(#4875);
#4875 = FILL_AREA_STYLE('',(#4876));
#4876 = FILL_AREA_STYLE_COLOUR('',#4562);
#4877 = STYLED_ITEM('color',(#4878),#1511);
#4878 = PRESENTATION_STYLE_ASSIGNMENT((#4879));
#4879 = SURFACE_STYLE_USAGE(.BOTH.,#4880);
#4880 = SURFACE_SIDE_STYLE('',(#4881));
#4881 = SURFACE_STYLE_FILL_AREA(#4882);
#4882 = FILL_AREA_STYLE('',(#4883));
#4883 = FILL_AREA_STYLE_COLOUR('',#4562);
#4884 = STYLED_ITEM('color',(#4885),#1528);
#4885 = PRESENTATION_STYLE_ASSIGNMENT((#4886));
#4886 = SURFACE_STYLE_USAGE(.BOTH.,#4887);
#4887 = SURFACE_SIDE_STYLE('',(#4888));
#4888 = SURFACE_STYLE_FILL_AREA(#4889);
#4889 = FILL_AREA_STYLE('',(#4890));
#4890 = FILL_AREA_STYLE_COLOUR('',#4562);
#4891 = STYLED_ITEM('color',(#4892),#1544);
#4892 = PRESENTATION_STYLE_ASSIGNMENT((#4893));
#4893 = SURFACE_STYLE_USAGE(.BOTH.,#4894);
#4894 = SURFACE_SIDE_STYLE('',(#4895));
#4895 = SURFACE_STYLE_FILL_AREA(#4896);
#4896 = FILL_AREA_STYLE('',(#4897));
#4897 = FILL_AREA_STYLE_COLOUR('',#4620);
#4898 = STYLED_ITEM('color',(#4899),#1591);
#4899 = PRESENTATION_STYLE_ASSIGNMENT((#4900));
#4900 = SURFACE_STYLE_USAGE(.BOTH.,#4901);
#4901 = SURFACE_SIDE_STYLE('',(#4902));
#4902 = SURFACE_STYLE_FILL_AREA(#4903);
#4903 = FILL_AREA_STYLE('',(#4904));
#4904 = FILL_AREA_STYLE_COLOUR('',#4620);
#4905 = STYLED_ITEM('color',(#4906),#1626);
#4906 = PRESENTATION_STYLE_ASSIGNMENT((#4907));
#4907 = SURFACE_STYLE_USAGE(.BOTH.,#4908);
#4908 = SURFACE_SIDE_STYLE('',(#4909));
#4909 = SURFACE_STYLE_FILL_AREA(#4910);
#4910 = FILL_AREA_STYLE('',(#4911));
#4911 = FILL_AREA_STYLE_COLOUR('',#4620);
#4912 = STYLED_ITEM('color',(#4913),#1665);
#4913 = PRESENTATION_STYLE_ASSIGNMENT((#4914));
#4914 = SURFACE_STYLE_USAGE(.BOTH.,#4915);
#4915 = SURFACE_SIDE_STYLE('',(#4916));
#4916 = SURFACE_STYLE_FILL_AREA(#4917);
#4917 = FILL_AREA_STYLE('',(#4918));
#4918 = FILL_AREA_STYLE_COLOUR('',#4620);
#4919 = STYLED_ITEM('color',(#4920),#1694);
#4920 = PRESENTATION_STYLE_ASSIGNMENT((#4921));
#4921 = SURFACE_STYLE_USAGE(.BOTH.,#4922);
#4922 = SURFACE_SIDE_STYLE('',(#4923));
#4923 = SURFACE_STYLE_FILL_AREA(#4924);
#4924 = FILL_AREA_STYLE('',(#4925));
#4925 = FILL_AREA_STYLE_COLOUR('',#4620);
#4926 = STYLED_ITEM('color',(#4927),#1733);
#4927 = PRESENTATION_STYLE_ASSIGNMENT((#4928));
#4928 = SURFACE_STYLE_USAGE(.BOTH.,#4929);
#4929 = SURFACE_SIDE_STYLE('',(#4930));
#4930 = SURFACE_STYLE_FILL_AREA(#4931);
#4931 = FILL_AREA_STYLE('',(#4932));
#4932 = FILL_AREA_STYLE_COLOUR('',#4620);
#4933 = STYLED_ITEM('color',(#4934),#1762);
#4934 = PRESENTATION_STYLE_ASSIGNMENT((#4935));
#4935 = SURFACE_STYLE_USAGE(.BOTH.,#4936);
#4936 = SURFACE_SIDE_STYLE('',(#4937));
#4937 = SURFACE_STYLE_FILL_AREA(#4938);
#4938 = FILL_AREA_STYLE('',(#4939));
#4939 = FILL_AREA_STYLE_COLOUR('',#4620);
#4940 = STYLED_ITEM('color',(#4941),#1816);
#4941 = PRESENTATION_STYLE_ASSIGNMENT((#4942));
#4942 = SURFACE_STYLE_USAGE(.BOTH.,#4943);
#4943 = SURFACE_SIDE_STYLE('',(#4944));
#4944 = SURFACE_STYLE_FILL_AREA(#4945);
#4945 = FILL_AREA_STYLE('',(#4946));
#4946 = FILL_AREA_STYLE_COLOUR('',#4620);
#4947 = STYLED_ITEM('color',(#4948),#1859);
#4948 = PRESENTATION_STYLE_ASSIGNMENT((#4949));
#4949 = SURFACE_STYLE_USAGE(.BOTH.,#4950);
#4950 = SURFACE_SIDE_STYLE('',(#4951));
#4951 = SURFACE_STYLE_FILL_AREA(#4952);
#4952 = FILL_AREA_STYLE('',(#4953));
#4953 = FILL_AREA_STYLE_COLOUR('',#4620);
#4954 = STYLED_ITEM('color',(#4955),#1882);
#4955 = PRESENTATION_STYLE_ASSIGNMENT((#4956));
#4956 = SURFACE_STYLE_USAGE(.BOTH.,#4957);
#4957 = SURFACE_SIDE_STYLE('',(#4958));
#4958 = SURFACE_STYLE_FILL_AREA(#4959);
#4959 = FILL_AREA_STYLE('',(#4960));
#4960 = FILL_AREA_STYLE_COLOUR('',#4620);
#4961 = STYLED_ITEM('color',(#4962),#1905);
#4962 = PRESENTATION_STYLE_ASSIGNMENT((#4963));
#4963 = SURFACE_STYLE_USAGE(.BOTH.,#4964);
#4964 = SURFACE_SIDE_STYLE('',(#4965));
#4965 = SURFACE_STYLE_FILL_AREA(#4966);
#4966 = FILL_AREA_STYLE('',(#4967));
#4967 = FILL_AREA_STYLE_COLOUR('',#4620);
#4968 = STYLED_ITEM('color',(#4969),#1928);
#4969 = PRESENTATION_STYLE_ASSIGNMENT((#4970));
#4970 = SURFACE_STYLE_USAGE(.BOTH.,#4971);
#4971 = SURFACE_SIDE_STYLE('',(#4972));
#4972 = SURFACE_STYLE_FILL_AREA(#4973);
#4973 = FILL_AREA_STYLE('',(#4974));
#4974 = FILL_AREA_STYLE_COLOUR('',#4620);
#4975 = STYLED_ITEM('color',(#4976),#1979);
#4976 = PRESENTATION_STYLE_ASSIGNMENT((#4977));
#4977 = SURFACE_STYLE_USAGE(.BOTH.,#4978);
#4978 = SURFACE_SIDE_STYLE('',(#4979));
#4979 = SURFACE_STYLE_FILL_AREA(#4980);
#4980 = FILL_AREA_STYLE('',(#4981));
#4981 = FILL_AREA_STYLE_COLOUR('',#4620);
#4982 = STYLED_ITEM('color',(#4983),#2002);
#4983 = PRESENTATION_STYLE_ASSIGNMENT((#4984));
#4984 = SURFACE_STYLE_USAGE(.BOTH.,#4985);
#4985 = SURFACE_SIDE_STYLE('',(#4986));
#4986 = SURFACE_STYLE_FILL_AREA(#4987);
#4987 = FILL_AREA_STYLE('',(#4988));
#4988 = FILL_AREA_STYLE_COLOUR('',#4620);
#4989 = STYLED_ITEM('color',(#4990),#2019);
#4990 = PRESENTATION_STYLE_ASSIGNMENT((#4991));
#4991 = SURFACE_STYLE_USAGE(.BOTH.,#4992);
#4992 = SURFACE_SIDE_STYLE('',(#4993));
#4993 = SURFACE_STYLE_FILL_AREA(#4994);
#4994 = FILL_AREA_STYLE('',(#4995));
#4995 = FILL_AREA_STYLE_COLOUR('',#4562);
#4996 = STYLED_ITEM('color',(#4997),#2093);
#4997 = PRESENTATION_STYLE_ASSIGNMENT((#4998));
#4998 = SURFACE_STYLE_USAGE(.BOTH.,#4999);
#4999 = SURFACE_SIDE_STYLE('',(#5000));
#5000 = SURFACE_STYLE_FILL_AREA(#5001);
#5001 = FILL_AREA_STYLE('',(#5002));
#5002 = FILL_AREA_STYLE_COLOUR('',#4562);
#5003 = STYLED_ITEM('color',(#5004),#2117);
#5004 = PRESENTATION_STYLE_ASSIGNMENT((#5005));
#5005 = SURFACE_STYLE_USAGE(.BOTH.,#5006);
#5006 = SURFACE_SIDE_STYLE('',(#5007));
#5007 = SURFACE_STYLE_FILL_AREA(#5008);
#5008 = FILL_AREA_STYLE('',(#5009));
#5009 = FILL_AREA_STYLE_COLOUR('',#4562);
#5010 = STYLED_ITEM('color',(#5011),#2184);
#5011 = PRESENTATION_STYLE_ASSIGNMENT((#5012));
#5012 = SURFACE_STYLE_USAGE(.BOTH.,#5013);
#5013 = SURFACE_SIDE_STYLE('',(#5014));
#5014 = SURFACE_STYLE_FILL_AREA(#5015);
#5015 = FILL_AREA_STYLE('',(#5016));
#5016 = FILL_AREA_STYLE_COLOUR('',#4620);
#5017 = STYLED_ITEM('color',(#5018),#2196);
#5018 = PRESENTATION_STYLE_ASSIGNMENT((#5019));
#5019 = SURFACE_STYLE_USAGE(.BOTH.,#5020);
#5020 = SURFACE_SIDE_STYLE('',(#5021));
#5021 = SURFACE_STYLE_FILL_AREA(#5022);
#5022 = FILL_AREA_STYLE('',(#5023));
#5023 = FILL_AREA_STYLE_COLOUR('',#4620);
#5024 = STYLED_ITEM('color',(#5025),#2208);
#5025 = PRESENTATION_STYLE_ASSIGNMENT((#5026));
#5026 = SURFACE_STYLE_USAGE(.BOTH.,#5027);
#5027 = SURFACE_SIDE_STYLE('',(#5028));
#5028 = SURFACE_STYLE_FILL_AREA(#5029);
#5029 = FILL_AREA_STYLE('',(#5030));
#5030 = FILL_AREA_STYLE_COLOUR('',#4562);
#5031 = STYLED_ITEM('color',(#5032),#2225);
#5032 = PRESENTATION_STYLE_ASSIGNMENT((#5033));
#5033 = SURFACE_STYLE_USAGE(.BOTH.,#5034);
#5034 = SURFACE_SIDE_STYLE('',(#5035));
#5035 = SURFACE_STYLE_FILL_AREA(#5036);
#5036 = FILL_AREA_STYLE('',(#5037));
#5037 = FILL_AREA_STYLE_COLOUR('',#5038);
#5038 = COLOUR_RGB('',0.690999977303,0.663999984767,0.597999987832);
#5039 = STYLED_ITEM('color',(#5040),#2254);
#5040 = PRESENTATION_STYLE_ASSIGNMENT((#5041));
#5041 = SURFACE_STYLE_USAGE(.BOTH.,#5042);
#5042 = SURFACE_SIDE_STYLE('',(#5043));
#5043 = SURFACE_STYLE_FILL_AREA(#5044);
#5044 = FILL_AREA_STYLE('',(#5045));
#5045 = FILL_AREA_STYLE_COLOUR('',#5038);
#5046 = STYLED_ITEM('color',(#5047),#2277);
#5047 = PRESENTATION_STYLE_ASSIGNMENT((#5048));
#5048 = SURFACE_STYLE_USAGE(.BOTH.,#5049);
#5049 = SURFACE_SIDE_STYLE('',(#5050));
#5050 = SURFACE_STYLE_FILL_AREA(#5051);
#5051 = FILL_AREA_STYLE('',(#5052));
#5052 = FILL_AREA_STYLE_COLOUR('',#5038);
#5053 = STYLED_ITEM('color',(#5054),#2300);
#5054 = PRESENTATION_STYLE_ASSIGNMENT((#5055));
#5055 = SURFACE_STYLE_USAGE(.BOTH.,#5056);
#5056 = SURFACE_SIDE_STYLE('',(#5057));
#5057 = SURFACE_STYLE_FILL_AREA(#5058);
#5058 = FILL_AREA_STYLE('',(#5059));
#5059 = FILL_AREA_STYLE_COLOUR('',#5038);
#5060 = STYLED_ITEM('color',(#5061),#2317);
#5061 = PRESENTATION_STYLE_ASSIGNMENT((#5062));
#5062 = SURFACE_STYLE_USAGE(.BOTH.,#5063);
#5063 = SURFACE_SIDE_STYLE('',(#5064));
#5064 = SURFACE_STYLE_FILL_AREA(#5065);
#5065 = FILL_AREA_STYLE('',(#5066));
#5066 = FILL_AREA_STYLE_COLOUR('',#4562);
#5067 = STYLED_ITEM('color',(#5068),#2339);
#5068 = PRESENTATION_STYLE_ASSIGNMENT((#5069));
#5069 = SURFACE_STYLE_USAGE(.BOTH.,#5070);
#5070 = SURFACE_SIDE_STYLE('',(#5071));
#5071 = SURFACE_STYLE_FILL_AREA(#5072);
#5072 = FILL_AREA_STYLE('',(#5073));
#5073 = FILL_AREA_STYLE_COLOUR('',#4562);
#5074 = STYLED_ITEM('color',(#5075),#2351);
#5075 = PRESENTATION_STYLE_ASSIGNMENT((#5076));
#5076 = SURFACE_STYLE_USAGE(.BOTH.,#5077);
#5077 = SURFACE_SIDE_STYLE('',(#5078));
#5078 = SURFACE_STYLE_FILL_AREA(#5079);
#5079 = FILL_AREA_STYLE('',(#5080));
#5080 = FILL_AREA_STYLE_COLOUR('',#4562);
#5081 = STYLED_ITEM('color',(#5082),#2368);
#5082 = PRESENTATION_STYLE_ASSIGNMENT((#5083));
#5083 = SURFACE_STYLE_USAGE(.BOTH.,#5084);
#5084 = SURFACE_SIDE_STYLE('',(#5085));
#5085 = SURFACE_STYLE_FILL_AREA(#5086);
#5086 = FILL_AREA_STYLE('',(#5087));
#5087 = FILL_AREA_STYLE_COLOUR('',#4562);
#5088 = STYLED_ITEM('color',(#5089),#2385);
#5089 = PRESENTATION_STYLE_ASSIGNMENT((#5090));
#5090 = SURFACE_STYLE_USAGE(.BOTH.,#5091);
#5091 = SURFACE_SIDE_STYLE('',(#5092));
#5092 = SURFACE_STYLE_FILL_AREA(#5093);
#5093 = FILL_AREA_STYLE('',(#5094));
#5094 = FILL_AREA_STYLE_COLOUR('',#4562);
#5095 = STYLED_ITEM('color',(#5096),#2402);
#5096 = PRESENTATION_STYLE_ASSIGNMENT((#5097));
#5097 = SURFACE_STYLE_USAGE(.BOTH.,#5098);
#5098 = SURFACE_SIDE_STYLE('',(#5099));
#5099 = SURFACE_STYLE_FILL_AREA(#5100);
#5100 = FILL_AREA_STYLE('',(#5101));
#5101 = FILL_AREA_STYLE_COLOUR('',#4562);
#5102 = STYLED_ITEM('color',(#5103),#2414);
#5103 = PRESENTATION_STYLE_ASSIGNMENT((#5104));
#5104 = SURFACE_STYLE_USAGE(.BOTH.,#5105);
#5105 = SURFACE_SIDE_STYLE('',(#5106));
#5106 = SURFACE_STYLE_FILL_AREA(#5107);
#5107 = FILL_AREA_STYLE('',(#5108));
#5108 = FILL_AREA_STYLE_COLOUR('',#5038);
ENDSEC;
END-ISO-10303-21;
